[
  {
    "ts": 1754731800000,
    "open": "0.20243059",
    "high": "0.20246817",
    "low": "0.20243059",
    "close": "0.20246817",
    "volume": "253.99"
  },
  {
    "ts": 1754732100000,
    "open": "0.20245247",
    "high": "0.20245247",
    "low": "0.20242485",
    "close": "0.20242485",
    "volume": "407.47"
  },
  {
    "ts": 1754732400000,
    "open": "0.20241989",
    "high": "0.20242552",
    "low": "0.20241989",
    "close": "0.20242552",
    "volume": "834.63"
  },
  {
    "ts": 1754732700000,
    "open": "0.20231825",
    "high": "0.20260526",
    "low": "0.20231825",
    "close": "0.20241837",
    "volume": "871.36"
  },
  {
    "ts": 1754733000000,
    "open": "0.202445",
    "high": "0.202445",
    "low": "0.20241482",
    "close": "0.20241482",
    "volume": "210.04"
  },
  {
    "ts": 1754733300000,
    "open": "0.20241989",
    "high": "0.20241989",
    "low": "0.20241666",
    "close": "0.20241666",
    "volume": "139.05"
  },
  {
    "ts": 1754733600000,
    "open": "0.20241594",
    "high": "0.20241594",
    "low": "0.20229324",
    "close": "0.20229324",
    "volume": "371.34"
  },
  {
    "ts": 1754733900000,
    "open": "0.20230696",
    "high": "0.20256074",
    "low": "0.20230696",
    "close": "0.20256074",
    "volume": "290.57"
  },
  {
    "ts": 1754734200000,
    "open": "0.2025831",
    "high": "0.20403206",
    "low": "0.2025831",
    "close": "0.20403206",
    "volume": "142.16"
  },
  {
    "ts": 1754734500000,
    "open": "0.20407833",
    "high": "0.20414858",
    "low": "0.20392989",
    "close": "0.20414858",
    "volume": "391.73"
  },
  {
    "ts": 1754734800000,
    "open": "0.2041486",
    "high": "0.2041486",
    "low": "0.20372105",
    "close": "0.20372105",
    "volume": "557.91"
  },
  {
    "ts": 1754735100000,
    "open": "0.20338942",
    "high": "0.20345314",
    "low": "0.20322108",
    "close": "0.20322108",
    "volume": "195.89"
  },
  {
    "ts": 1754735400000,
    "open": "0.20318296",
    "high": "0.20318296",
    "low": "0.2029639",
    "close": "0.2029639",
    "volume": "649.23"
  },
  {
    "ts": 1754735700000,
    "open": "0.20294969",
    "high": "0.20324589",
    "low": "0.20294106",
    "close": "0.20324589",
    "volume": "352.08"
  },
  {
    "ts": 1754736000000,
    "open": "0.20282786",
    "high": "0.20283043",
    "low": "0.20282296",
    "close": "0.20283043",
    "volume": "674.99"
  },
  {
    "ts": 1754736300000,
    "open": "0.20281113",
    "high": "0.20282802",
    "low": "0.20281113",
    "close": "0.20281299",
    "volume": "311.27"
  },
  {
    "ts": 1754736600000,
    "open": "0.20266325",
    "high": "0.20270355",
    "low": "0.20266325",
    "close": "0.20269234",
    "volume": "266.75"
  },
  {
    "ts": 1754736900000,
    "open": "0.20298998",
    "high": "0.20298998",
    "low": "0.20298739",
    "close": "0.20298739",
    "volume": "521.09"
  },
  {
    "ts": 1754737200000,
    "open": "0.20297409",
    "high": "0.20297931",
    "low": "0.2029669",
    "close": "0.2029669",
    "volume": "633.21"
  },
  {
    "ts": 1754737500000,
    "open": "0.2029567",
    "high": "0.2029567",
    "low": "0.20295647",
    "close": "0.20295647",
    "volume": "317.01"
  },
  {
    "ts": 1754737800000,
    "open": "0.20295752",
    "high": "0.20360844",
    "low": "0.20294596",
    "close": "0.20360844",
    "volume": "522.92"
  },
  {
    "ts": 1754738100000,
    "open": "0.20293442",
    "high": "0.2029377",
    "low": "0.20260004",
    "close": "0.20270796",
    "volume": "1006.6"
  },
  {
    "ts": 1754738400000,
    "open": "0.20271342",
    "high": "0.20271342",
    "low": "0.20214589",
    "close": "0.20214589",
    "volume": "650.58"
  },
  {
    "ts": 1754738700000,
    "open": "0.20258791",
    "high": "0.20282619",
    "low": "0.20258791",
    "close": "0.20282619",
    "volume": "354.01"
  },
  {
    "ts": 1754739000000,
    "open": "0.20282719",
    "high": "0.20282913",
    "low": "0.20282249",
    "close": "0.20282309",
    "volume": "590.6"
  },
  {
    "ts": 1754739300000,
    "open": "0.20280414",
    "high": "0.20281502",
    "low": "0.2028013",
    "close": "0.2028013",
    "volume": "484.06"
  },
  {
    "ts": 1754739600000,
    "open": "0.20280548",
    "high": "0.20280548",
    "low": "0.20279626",
    "close": "0.20279626",
    "volume": "212.16"
  },
  {
    "ts": 1754739900000,
    "open": "0.20278284",
    "high": "0.20278284",
    "low": "0.20275565",
    "close": "0.20276093",
    "volume": "606.74"
  },
  {
    "ts": 1754740200000,
    "open": "0.20275485",
    "high": "0.20275485",
    "low": "0.20273305",
    "close": "0.20273305",
    "volume": "828.01"
  },
  {
    "ts": 1754740500000,
    "open": "0.20273988",
    "high": "0.20273988",
    "low": "0.20273006",
    "close": "0.20273006",
    "volume": "467.14"
  },
  {
    "ts": 1754740800000,
    "open": "0.20274896",
    "high": "0.20274896",
    "low": "0.20274468",
    "close": "0.20274468",
    "volume": "524.63"
  },
  {
    "ts": 1754741100000,
    "open": "0.20274229",
    "high": "0.20274229",
    "low": "0.20272809",
    "close": "0.20272965",
    "volume": "403.64"
  },
  {
    "ts": 1754741400000,
    "open": "0.2027514",
    "high": "0.20379453",
    "low": "0.2027514",
    "close": "0.20378487",
    "volume": "185.82"
  },
  {
    "ts": 1754741700000,
    "open": "0.20416666",
    "high": "0.20417897",
    "low": "0.20416666",
    "close": "0.20417897",
    "volume": "305.71"
  },
  {
    "ts": 1754742000000,
    "open": "0.20421222",
    "high": "0.20592844",
    "low": "0.20421222",
    "close": "0.20592844",
    "volume": "700.33"
  },
  {
    "ts": 1754742300000,
    "open": "0.20619432",
    "high": "0.20717159",
    "low": "0.20619432",
    "close": "0.20717159",
    "volume": "946.51"
  },
  {
    "ts": 1754742600000,
    "open": "0.20714102",
    "high": "0.20721747",
    "low": "0.20713567",
    "close": "0.20721747",
    "volume": "399.89"
  },
  {
    "ts": 1754742900000,
    "open": "0.20737138",
    "high": "0.20737138",
    "low": "0.20730812",
    "close": "0.20730812",
    "volume": "508.5"
  },
  {
    "ts": 1754743200000,
    "open": "0.20730963",
    "high": "0.20731004",
    "low": "0.20730916",
    "close": "0.20731004",
    "volume": "402.83"
  },
  {
    "ts": 1754743500000,
    "open": "0.20730871",
    "high": "0.20730871",
    "low": "0.20730871",
    "close": "0.20730871",
    "volume": "192.11"
  },
  {
    "ts": 1754743800000,
    "open": "0.20736461",
    "high": "0.20736461",
    "low": "0.20736034",
    "close": "0.20736034",
    "volume": "454.56"
  },
  {
    "ts": 1754744100000,
    "open": "0.20738338",
    "high": "0.20738338",
    "low": "0.20737716",
    "close": "0.20737716",
    "volume": "200.86"
  },
  {
    "ts": 1754744700000,
    "open": "0.20737095",
    "high": "0.20737095",
    "low": "0.20737076",
    "close": "0.20737076",
    "volume": "440.18"
  },
  {
    "ts": 1754745000000,
    "open": "0.20737103",
    "high": "0.20737136",
    "low": "0.20573443",
    "close": "0.20573443",
    "volume": "458.97"
  },
  {
    "ts": 1754745300000,
    "open": "0.2069396",
    "high": "0.2069396",
    "low": "0.205724",
    "close": "0.2069146",
    "volume": "157.2"
  },
  {
    "ts": 1754745600000,
    "open": "0.2068774",
    "high": "0.2068774",
    "low": "0.20686898",
    "close": "0.20686898",
    "volume": "678.39"
  },
  {
    "ts": 1754745900000,
    "open": "0.20685922",
    "high": "0.20685922",
    "low": "0.20685059",
    "close": "0.20685059",
    "volume": "422.24"
  },
  {
    "ts": 1754746200000,
    "open": "0.20685791",
    "high": "0.20685791",
    "low": "0.20459434",
    "close": "0.20459434",
    "volume": "877.13"
  },
  {
    "ts": 1754746500000,
    "open": "0.2054744",
    "high": "0.2054744",
    "low": "0.20458627",
    "close": "0.2054492",
    "volume": "410.09"
  },
  {
    "ts": 1754746800000,
    "open": "0.2054417",
    "high": "0.20601468",
    "low": "0.2054417",
    "close": "0.20601468",
    "volume": "391.81"
  },
  {
    "ts": 1754747100000,
    "open": "0.20601091",
    "high": "0.20601091",
    "low": "0.20572975",
    "close": "0.20572975",
    "volume": "636.85"
  },
  {
    "ts": 1754747400000,
    "open": "0.2046484",
    "high": "0.2046484",
    "low": "0.20371398",
    "close": "0.2045757",
    "volume": "318.79"
  },
  {
    "ts": 1754747700000,
    "open": "0.2045719",
    "high": "0.20483287",
    "low": "0.20368548",
    "close": "0.20483287",
    "volume": "719.56"
  },
  {
    "ts": 1754748000000,
    "open": "0.20463762",
    "high": "0.20463762",
    "low": "0.20184134",
    "close": "0.2021848",
    "volume": "527.9"
  },
  {
    "ts": 1754748300000,
    "open": "0.2030066",
    "high": "0.2030066",
    "low": "0.20216146",
    "close": "0.2029778",
    "volume": "147.68"
  },
  {
    "ts": 1754748600000,
    "open": "0.2029741",
    "high": "0.2029741",
    "low": "0.20244063",
    "close": "0.20294707",
    "volume": "563"
  },
  {
    "ts": 1754748900000,
    "open": "0.20301232",
    "high": "0.20301232",
    "low": "0.20300329",
    "close": "0.20300329",
    "volume": "714.68"
  },
  {
    "ts": 1754749200000,
    "open": "0.20300068",
    "high": "0.20300068",
    "low": "0.20298885",
    "close": "0.20298885",
    "volume": "505.83"
  },
  {
    "ts": 1754749500000,
    "open": "0.2030234",
    "high": "0.20316656",
    "low": "0.20212469",
    "close": "0.20316656",
    "volume": "408.42"
  },
  {
    "ts": 1754749800000,
    "open": "0.20334531",
    "high": "0.20342666",
    "low": "0.20334531",
    "close": "0.20342666",
    "volume": "293.62"
  },
  {
    "ts": 1754750100000,
    "open": "0.20342038",
    "high": "0.20366951",
    "low": "0.20341798",
    "close": "0.20366951",
    "volume": "494.06"
  },
  {
    "ts": 1754750400000,
    "open": "0.20364902",
    "high": "0.20366948",
    "low": "0.20364902",
    "close": "0.20366065",
    "volume": "595.97"
  },
  {
    "ts": 1754750700000,
    "open": "0.20365259",
    "high": "0.20365259",
    "low": "0.20364467",
    "close": "0.20364467",
    "volume": "422.3"
  },
  {
    "ts": 1754751000000,
    "open": "0.20364458",
    "high": "0.20470906",
    "low": "0.20364076",
    "close": "0.20470906",
    "volume": "764.86873803"
  },
  {
    "ts": 1754751300000,
    "open": "0.20479835",
    "high": "0.20499821",
    "low": "0.20479835",
    "close": "0.20499821",
    "volume": "444.05"
  },
  {
    "ts": 1754751600000,
    "open": "0.20502806",
    "high": "0.2052652",
    "low": "0.20502045",
    "close": "0.2052652",
    "volume": "446.97"
  },
  {
    "ts": 1754751900000,
    "open": "0.20534189",
    "high": "0.2053492",
    "low": "0.20534189",
    "close": "0.2053492",
    "volume": "411.85"
  },
  {
    "ts": 1754752200000,
    "open": "0.20528872",
    "high": "0.20536126",
    "low": "0.20528872",
    "close": "0.20536126",
    "volume": "680.89"
  },
  {
    "ts": 1754752500000,
    "open": "0.20537077",
    "high": "0.20537295",
    "low": "0.20537077",
    "close": "0.20537295",
    "volume": "398.07"
  },
  {
    "ts": 1754752800000,
    "open": "0.20537244",
    "high": "0.20537244",
    "low": "0.20517485",
    "close": "0.20535951",
    "volume": "405.73"
  },
  {
    "ts": 1754753100000,
    "open": "0.20536136",
    "high": "0.20536136",
    "low": "0.20516066",
    "close": "0.20516066",
    "volume": "426.14"
  },
  {
    "ts": 1754753400000,
    "open": "0.20535832",
    "high": "0.2053598",
    "low": "0.20535832",
    "close": "0.2053598",
    "volume": "460.57"
  },
  {
    "ts": 1754753700000,
    "open": "0.20536496",
    "high": "0.20536496",
    "low": "0.20536496",
    "close": "0.20536496",
    "volume": "201.55"
  },
  {
    "ts": 1754754300000,
    "open": "0.20536279",
    "high": "0.20536624",
    "low": "0.20535563",
    "close": "0.20536624",
    "volume": "402.72"
  },
  {
    "ts": 1754754600000,
    "open": "0.20536323",
    "high": "0.20542947",
    "low": "0.20536323",
    "close": "0.20541865",
    "volume": "217.93"
  },
  {
    "ts": 1754754900000,
    "open": "0.20544412",
    "high": "0.20544412",
    "low": "0.20544235",
    "close": "0.20544235",
    "volume": "433.92"
  },
  {
    "ts": 1754755200000,
    "open": "0.2054573",
    "high": "0.20559609",
    "low": "0.2054573",
    "close": "0.20559609",
    "volume": "499.38"
  },
  {
    "ts": 1754755500000,
    "open": "0.20566165",
    "high": "0.20759928",
    "low": "0.20566165",
    "close": "0.20759928",
    "volume": "519.91"
  },
  {
    "ts": 1754755800000,
    "open": "0.20760738",
    "high": "0.20762844",
    "low": "0.20760212",
    "close": "0.20762844",
    "volume": "589.36"
  },
  {
    "ts": 1754756100000,
    "open": "0.20763148",
    "high": "0.20763148",
    "low": "0.20763148",
    "close": "0.20763148",
    "volume": "156.85"
  },
  {
    "ts": 1754756400000,
    "open": "0.20788304",
    "high": "0.20827673",
    "low": "0.20788304",
    "close": "0.20827673",
    "volume": "388.04"
  },
  {
    "ts": 1754756700000,
    "open": "0.20828028",
    "high": "0.20828028",
    "low": "0.20749035",
    "close": "0.20749035",
    "volume": "218.7"
  },
  {
    "ts": 1754757000000,
    "open": "0.20829608",
    "high": "0.20830063",
    "low": "0.20735484",
    "close": "0.20735484",
    "volume": "390.11"
  },
  {
    "ts": 1754757300000,
    "open": "0.20734063",
    "high": "0.20734063",
    "low": "0.20720195",
    "close": "0.20720564",
    "volume": "681.29"
  },
  {
    "ts": 1754757600000,
    "open": "0.20615865",
    "high": "0.20615865",
    "low": "0.20615865",
    "close": "0.20615865",
    "volume": "131.45"
  },
  {
    "ts": 1754757900000,
    "open": "0.20633668",
    "high": "0.2072288",
    "low": "0.20633668",
    "close": "0.2072288",
    "volume": "447.62"
  },
  {
    "ts": 1754758200000,
    "open": "0.20707232",
    "high": "0.20707232",
    "low": "0.20702137",
    "close": "0.20702137",
    "volume": "556.24"
  },
  {
    "ts": 1754758500000,
    "open": "0.206633",
    "high": "0.20741583",
    "low": "0.20577658",
    "close": "0.20661218",
    "volume": "832.37925288"
  },
  {
    "ts": 1754758800000,
    "open": "0.20658273",
    "high": "0.20660537",
    "low": "0.20658273",
    "close": "0.20660537",
    "volume": "43.2"
  },
  {
    "ts": 1754759100000,
    "open": "0.20675653",
    "high": "0.20752969",
    "low": "0.20675653",
    "close": "0.20752969",
    "volume": "457.41"
  },
  {
    "ts": 1754759400000,
    "open": "0.20753068",
    "high": "0.20766128",
    "low": "0.20753068",
    "close": "0.20766128",
    "volume": "544.44"
  },
  {
    "ts": 1754759700000,
    "open": "0.20767192",
    "high": "0.20769764",
    "low": "0.20767192",
    "close": "0.20769764",
    "volume": "780.03"
  },
  {
    "ts": 1754760000000,
    "open": "0.20769325",
    "high": "0.20769337",
    "low": "0.2076847",
    "close": "0.20769337",
    "volume": "343.43"
  },
  {
    "ts": 1754760300000,
    "open": "0.20771342",
    "high": "0.20771826",
    "low": "0.2073742",
    "close": "0.2073742",
    "volume": "767.61"
  },
  {
    "ts": 1754760600000,
    "open": "0.20772318",
    "high": "0.20810405",
    "low": "0.20771392",
    "close": "0.20810405",
    "volume": "352.95"
  },
  {
    "ts": 1754760900000,
    "open": "0.20813285",
    "high": "0.20975039",
    "low": "0.20813285",
    "close": "0.20975039",
    "volume": "324.01"
  },
  {
    "ts": 1754761200000,
    "open": "0.20974793",
    "high": "0.20976922",
    "low": "0.20974793",
    "close": "0.20976922",
    "volume": "959.77"
  },
  {
    "ts": 1754761500000,
    "open": "0.20977119",
    "high": "0.20977486",
    "low": "0.20977023",
    "close": "0.20977486",
    "volume": "337.87"
  },
  {
    "ts": 1754761800000,
    "open": "0.20978264",
    "high": "0.20979316",
    "low": "0.20978264",
    "close": "0.20979316",
    "volume": "367.1"
  },
  {
    "ts": 1754762100000,
    "open": "0.20980119",
    "high": "0.20980119",
    "low": "0.20980119",
    "close": "0.20980119",
    "volume": "73.89"
  },
  {
    "ts": 1754762400000,
    "open": "0.20981819",
    "high": "0.20981819",
    "low": "0.2086418",
    "close": "0.2086418",
    "volume": "642.29"
  },
  {
    "ts": 1754762700000,
    "open": "0.20975397",
    "high": "0.20976372",
    "low": "0.20975397",
    "close": "0.20976372",
    "volume": "649.18"
  },
  {
    "ts": 1754763000000,
    "open": "0.20976303",
    "high": "0.20976916",
    "low": "0.20953114",
    "close": "0.20969541",
    "volume": "1053.18"
  },
  {
    "ts": 1754763300000,
    "open": "0.20971156",
    "high": "0.20971156",
    "low": "0.20860715",
    "close": "0.20860715",
    "volume": "319.46"
  },
  {
    "ts": 1754763600000,
    "open": "0.20971505",
    "high": "0.2097233",
    "low": "0.20971505",
    "close": "0.2097211",
    "volume": "460.76"
  },
  {
    "ts": 1754763900000,
    "open": "0.20972536",
    "high": "0.20972536",
    "low": "0.20972536",
    "close": "0.20972536",
    "volume": "104.66"
  },
  {
    "ts": 1754764200000,
    "open": "0.2097406",
    "high": "0.21",
    "low": "0.20915828",
    "close": "0.21",
    "volume": "630.309901"
  },
  {
    "ts": 1754764500000,
    "open": "0.2093765",
    "high": "0.2093765",
    "low": "0.20926656",
    "close": "0.20926656",
    "volume": "391.77"
  },
  {
    "ts": 1754764800000,
    "open": "0.20941408",
    "high": "0.20954215",
    "low": "0.20938527",
    "close": "0.20938527",
    "volume": "606.84"
  },
  {
    "ts": 1754765100000,
    "open": "0.20938519",
    "high": "0.20938526",
    "low": "0.20938519",
    "close": "0.20938526",
    "volume": "475.36"
  },
  {
    "ts": 1754765400000,
    "open": "0.20939213",
    "high": "0.20939739",
    "low": "0.20938289",
    "close": "0.20939739",
    "volume": "578.96"
  },
  {
    "ts": 1754765700000,
    "open": "0.20938554",
    "high": "0.20940468",
    "low": "0.20938554",
    "close": "0.20938671",
    "volume": "444.51"
  },
  {
    "ts": 1754766000000,
    "open": "0.20940251",
    "high": "0.20940251",
    "low": "0.20938513",
    "close": "0.20939505",
    "volume": "317.1"
  },
  {
    "ts": 1754766300000,
    "open": "0.20938494",
    "high": "0.20940275",
    "low": "0.20938344",
    "close": "0.20938344",
    "volume": "696.87"
  },
  {
    "ts": 1754766600000,
    "open": "0.20938878",
    "high": "0.20951657",
    "low": "0.20938878",
    "close": "0.20951657",
    "volume": "882.27"
  },
  {
    "ts": 1754766900000,
    "open": "0.2093837",
    "high": "0.20939039",
    "low": "0.20938165",
    "close": "0.20939039",
    "volume": "506.35"
  },
  {
    "ts": 1754767200000,
    "open": "0.20939505",
    "high": "0.20939505",
    "low": "0.20938039",
    "close": "0.20938979",
    "volume": "506.58"
  },
  {
    "ts": 1754767500000,
    "open": "0.20939716",
    "high": "0.20939716",
    "low": "0.20938441",
    "close": "0.20939651",
    "volume": "561.26"
  },
  {
    "ts": 1754767800000,
    "open": "0.20939818",
    "high": "0.20939818",
    "low": "0.20938661",
    "close": "0.20938661",
    "volume": "474.24"
  },
  {
    "ts": 1754768100000,
    "open": "0.20939724",
    "high": "0.20939724",
    "low": "0.20914678",
    "close": "0.20914678",
    "volume": "369.33"
  },
  {
    "ts": 1754768400000,
    "open": "0.20913967",
    "high": "0.20934843",
    "low": "0.20913967",
    "close": "0.20934843",
    "volume": "412.18"
  },
  {
    "ts": 1754768700000,
    "open": "0.20938551",
    "high": "0.20938551",
    "low": "0.20912848",
    "close": "0.20912848",
    "volume": "478.43"
  },
  {
    "ts": 1754769000000,
    "open": "0.20912474",
    "high": "0.20912474",
    "low": "0.20912474",
    "close": "0.20912474",
    "volume": "76.38"
  },
  {
    "ts": 1754769300000,
    "open": "0.20911879",
    "high": "0.20912311",
    "low": "0.20911879",
    "close": "0.20912311",
    "volume": "659.07"
  },
  {
    "ts": 1754769600000,
    "open": "0.20912994",
    "high": "0.20912994",
    "low": "0.20911755",
    "close": "0.20911755",
    "volume": "512.8"
  },
  {
    "ts": 1754769900000,
    "open": "0.20912699",
    "high": "0.20912699",
    "low": "0.2091174",
    "close": "0.20911974",
    "volume": "767.64"
  },
  {
    "ts": 1754770200000,
    "open": "0.20909828",
    "high": "0.20909828",
    "low": "0.20909171",
    "close": "0.20909171",
    "volume": "462.71"
  },
  {
    "ts": 1754770500000,
    "open": "0.20910003",
    "high": "0.20910003",
    "low": "0.20888202",
    "close": "0.20888329",
    "volume": "477.29"
  },
  {
    "ts": 1754770800000,
    "open": "0.20888253",
    "high": "0.20888622",
    "low": "0.20888253",
    "close": "0.2088855",
    "volume": "434.37"
  },
  {
    "ts": 1754771100000,
    "open": "0.20888321",
    "high": "0.20929874",
    "low": "0.20888321",
    "close": "0.20929874",
    "volume": "605.81"
  },
  {
    "ts": 1754771400000,
    "open": "0.20931574",
    "high": "0.20931574",
    "low": "0.20931574",
    "close": "0.20931574",
    "volume": "253.02"
  },
  {
    "ts": 1754771700000,
    "open": "0.20910613",
    "high": "0.20938437",
    "low": "0.20910613",
    "close": "0.20938437",
    "volume": "239.57"
  },
  {
    "ts": 1754772000000,
    "open": "0.20938262",
    "high": "0.20939714",
    "low": "0.20938262",
    "close": "0.20939714",
    "volume": "265.25"
  },
  {
    "ts": 1754772300000,
    "open": "0.20938951",
    "high": "0.20938951",
    "low": "0.20938322",
    "close": "0.20938322",
    "volume": "368.54"
  },
  {
    "ts": 1754772600000,
    "open": "0.20906399",
    "high": "0.20906399",
    "low": "0.20906399",
    "close": "0.20906399",
    "volume": "50.19"
  },
  {
    "ts": 1754772900000,
    "open": "0.20926113",
    "high": "0.20926113",
    "low": "0.20925911",
    "close": "0.20925911",
    "volume": "329.49"
  },
  {
    "ts": 1754773200000,
    "open": "0.20905879",
    "high": "0.20905879",
    "low": "0.20905703",
    "close": "0.20905703",
    "volume": "222.5"
  },
  {
    "ts": 1754773500000,
    "open": "0.20906247",
    "high": "0.20925918",
    "low": "0.20906247",
    "close": "0.20925918",
    "volume": "520.58"
  },
  {
    "ts": 1754773800000,
    "open": "0.2093903",
    "high": "0.20939165",
    "low": "0.2092993",
    "close": "0.2092993",
    "volume": "428.4"
  },
  {
    "ts": 1754774100000,
    "open": "0.20928829",
    "high": "0.20929254",
    "low": "0.20717418",
    "close": "0.20717418",
    "volume": "373.41"
  },
  {
    "ts": 1754774400000,
    "open": "0.20749882",
    "high": "0.20749882",
    "low": "0.20721927",
    "close": "0.20726847",
    "volume": "795.26"
  },
  {
    "ts": 1754774700000,
    "open": "0.20696825",
    "high": "0.20696825",
    "low": "0.20693663",
    "close": "0.20694898",
    "volume": "582.13"
  },
  {
    "ts": 1754775000000,
    "open": "0.20694401",
    "high": "0.20724808",
    "low": "0.20694401",
    "close": "0.20723626",
    "volume": "369.1"
  },
  {
    "ts": 1754775300000,
    "open": "0.20726638",
    "high": "0.20730581",
    "low": "0.20726638",
    "close": "0.2072864",
    "volume": "823.08"
  },
  {
    "ts": 1754775600000,
    "open": "0.20731467",
    "high": "0.20735031",
    "low": "0.20731467",
    "close": "0.20733073",
    "volume": "712.72"
  },
  {
    "ts": 1754775900000,
    "open": "0.20732375",
    "high": "0.20749482",
    "low": "0.20732375",
    "close": "0.20749482",
    "volume": "692.67"
  },
  {
    "ts": 1754776200000,
    "open": "0.20758927",
    "high": "0.20794685",
    "low": "0.20758927",
    "close": "0.20794685",
    "volume": "741.99"
  },
  {
    "ts": 1754776500000,
    "open": "0.20804276",
    "high": "0.20804276",
    "low": "0.20801327",
    "close": "0.20801327",
    "volume": "222.92"
  },
  {
    "ts": 1754776800000,
    "open": "0.20772619",
    "high": "0.20772619",
    "low": "0.20760827",
    "close": "0.20760827",
    "volume": "435.25"
  },
  {
    "ts": 1754777100000,
    "open": "0.20760347",
    "high": "0.20763038",
    "low": "0.20760347",
    "close": "0.20763038",
    "volume": "367.3"
  },
  {
    "ts": 1754777700000,
    "open": "0.20733207",
    "high": "0.20764316",
    "low": "0.20733207",
    "close": "0.20761876",
    "volume": "510.49"
  },
  {
    "ts": 1754778000000,
    "open": "0.20761397",
    "high": "0.2080514",
    "low": "0.20761397",
    "close": "0.2080514",
    "volume": "544.33"
  },
  {
    "ts": 1754778300000,
    "open": "0.20822714",
    "high": "0.20826163",
    "low": "0.20799615",
    "close": "0.20804733",
    "volume": "424.05"
  },
  {
    "ts": 1754778600000,
    "open": "0.20738506",
    "high": "0.20738506",
    "low": "0.20704931",
    "close": "0.20707733",
    "volume": "440.54"
  },
  {
    "ts": 1754778900000,
    "open": "0.2065436",
    "high": "0.20675511",
    "low": "0.2065436",
    "close": "0.20675511",
    "volume": "502.57"
  },
  {
    "ts": 1754779200000,
    "open": "0.20683824",
    "high": "0.20683824",
    "low": "0.20654266",
    "close": "0.20654266",
    "volume": "757.33"
  },
  {
    "ts": 1754779500000,
    "open": "0.20617342",
    "high": "0.20617342",
    "low": "0.20528211",
    "close": "0.20528211",
    "volume": "485.54"
  },
  {
    "ts": 1754779800000,
    "open": "0.20587597",
    "high": "0.20588573",
    "low": "0.20580861",
    "close": "0.20580861",
    "volume": "627.25"
  },
  {
    "ts": 1754780100000,
    "open": "0.20568636",
    "high": "0.20568636",
    "low": "0.2054152",
    "close": "0.2054152",
    "volume": "542.74"
  },
  {
    "ts": 1754780400000,
    "open": "0.20543467",
    "high": "0.20543467",
    "low": "0.20505085",
    "close": "0.20505085",
    "volume": "964.9"
  },
  {
    "ts": 1754780700000,
    "open": "0.20546413",
    "high": "0.20546413",
    "low": "0.20537665",
    "close": "0.20538149",
    "volume": "414.58"
  },
  {
    "ts": 1754781000000,
    "open": "0.20521119",
    "high": "0.20521119",
    "low": "0.20510248",
    "close": "0.20510248",
    "volume": "809.91"
  },
  {
    "ts": 1754781300000,
    "open": "0.20534834",
    "high": "0.20534834",
    "low": "0.20524558",
    "close": "0.20524558",
    "volume": "818.99"
  },
  {
    "ts": 1754781600000,
    "open": "0.20527669",
    "high": "0.20527669",
    "low": "0.20523113",
    "close": "0.20523113",
    "volume": "571.97"
  },
  {
    "ts": 1754781900000,
    "open": "0.20525917",
    "high": "0.20525917",
    "low": "0.20523987",
    "close": "0.20523987",
    "volume": "417.04"
  },
  {
    "ts": 1754782200000,
    "open": "0.20527154",
    "high": "0.20577061",
    "low": "0.20527154",
    "close": "0.20577061",
    "volume": "845.25"
  },
  {
    "ts": 1754782500000,
    "open": "0.20574897",
    "high": "0.20620159",
    "low": "0.20574897",
    "close": "0.20620159",
    "volume": "601.37"
  },
  {
    "ts": 1754782800000,
    "open": "0.20600253",
    "high": "0.20600253",
    "low": "0.2059716",
    "close": "0.2059716",
    "volume": "188.41"
  },
  {
    "ts": 1754783100000,
    "open": "0.20593356",
    "high": "0.20593356",
    "low": "0.20593356",
    "close": "0.20593356",
    "volume": "155.75"
  },
  {
    "ts": 1754783400000,
    "open": "0.20584006",
    "high": "0.20584006",
    "low": "0.20584006",
    "close": "0.20584006",
    "volume": "245.18"
  },
  {
    "ts": 1754783700000,
    "open": "0.20581625",
    "high": "0.20581625",
    "low": "0.20541915",
    "close": "0.20541915",
    "volume": "490.74"
  },
  {
    "ts": 1754784000000,
    "open": "0.20540608",
    "high": "0.20566951",
    "low": "0.20540608",
    "close": "0.20566951",
    "volume": "519.42"
  },
  {
    "ts": 1754784300000,
    "open": "0.20508694",
    "high": "0.20508694",
    "low": "0.20499086",
    "close": "0.20499086",
    "volume": "636.87"
  },
  {
    "ts": 1754784600000,
    "open": "0.20545564",
    "high": "0.20616552",
    "low": "0.20545564",
    "close": "0.20593555",
    "volume": "905.93"
  },
  {
    "ts": 1754784900000,
    "open": "0.20593856",
    "high": "0.20614142",
    "low": "0.20593856",
    "close": "0.20614142",
    "volume": "386.71"
  },
  {
    "ts": 1754785200000,
    "open": "0.20620521",
    "high": "0.20674493",
    "low": "0.20620521",
    "close": "0.20674493",
    "volume": "233.6"
  },
  {
    "ts": 1754785500000,
    "open": "0.20674429",
    "high": "0.20684632",
    "low": "0.20674429",
    "close": "0.20676543",
    "volume": "279.73"
  },
  {
    "ts": 1754785800000,
    "open": "0.20621653",
    "high": "0.20621653",
    "low": "0.20619897",
    "close": "0.20619897",
    "volume": "97.97"
  },
  {
    "ts": 1754786100000,
    "open": "0.20617069",
    "high": "0.20617069",
    "low": "0.20617069",
    "close": "0.20617069",
    "volume": "122.94"
  },
  {
    "ts": 1754786400000,
    "open": "0.20665229",
    "high": "0.20685718",
    "low": "0.20665229",
    "close": "0.20685718",
    "volume": "754.12"
  },
  {
    "ts": 1754786700000,
    "open": "0.20689842",
    "high": "0.20689842",
    "low": "0.20678659",
    "close": "0.20678659",
    "volume": "475.51"
  },
  {
    "ts": 1754787000000,
    "open": "0.20731593",
    "high": "0.20769439",
    "low": "0.20731538",
    "close": "0.20769439",
    "volume": "765.87"
  },
  {
    "ts": 1754787300000,
    "open": "0.20748429",
    "high": "0.20748429",
    "low": "0.20742305",
    "close": "0.20742305",
    "volume": "427.08"
  },
  {
    "ts": 1754787600000,
    "open": "0.20742794",
    "high": "0.20780456",
    "low": "0.20742794",
    "close": "0.20780456",
    "volume": "475.63"
  },
  {
    "ts": 1754787900000,
    "open": "0.2074835",
    "high": "0.2074835",
    "low": "0.20636884",
    "close": "0.20656867",
    "volume": "735.83"
  },
  {
    "ts": 1754788200000,
    "open": "0.20657782",
    "high": "0.20657782",
    "low": "0.20631385",
    "close": "0.20637637",
    "volume": "552.33"
  },
  {
    "ts": 1754788500000,
    "open": "0.20609561",
    "high": "0.20659844",
    "low": "0.20609561",
    "close": "0.20659844",
    "volume": "401.47"
  },
  {
    "ts": 1754788800000,
    "open": "0.20658954",
    "high": "0.2065922",
    "low": "0.2065499",
    "close": "0.2065499",
    "volume": "332.49"
  },
  {
    "ts": 1754789100000,
    "open": "0.20661291",
    "high": "0.20677899",
    "low": "0.20661291",
    "close": "0.20677899",
    "volume": "571.15"
  },
  {
    "ts": 1754789400000,
    "open": "0.2070304",
    "high": "0.20748071",
    "low": "0.2070304",
    "close": "0.20748071",
    "volume": "601.4"
  },
  {
    "ts": 1754789700000,
    "open": "0.20746048",
    "high": "0.20769018",
    "low": "0.20746048",
    "close": "0.20746109",
    "volume": "504.22"
  },
  {
    "ts": 1754790000000,
    "open": "0.20747242",
    "high": "0.20747242",
    "low": "0.20704339",
    "close": "0.20704339",
    "volume": "392.35"
  },
  {
    "ts": 1754790300000,
    "open": "0.20708862",
    "high": "0.20708862",
    "low": "0.20659457",
    "close": "0.20659457",
    "volume": "293.94"
  },
  {
    "ts": 1754790600000,
    "open": "0.20662679",
    "high": "0.20662679",
    "low": "0.20636194",
    "close": "0.20636194",
    "volume": "771.86"
  },
  {
    "ts": 1754790900000,
    "open": "0.20637885",
    "high": "0.20638764",
    "low": "0.20637234",
    "close": "0.20638764",
    "volume": "671.52"
  },
  {
    "ts": 1754791200000,
    "open": "0.20629615",
    "high": "0.20629615",
    "low": "0.20629188",
    "close": "0.20629188",
    "volume": "437.76"
  },
  {
    "ts": 1754791500000,
    "open": "0.20604",
    "high": "0.20619871",
    "low": "0.20604",
    "close": "0.20619871",
    "volume": "716.9"
  },
  {
    "ts": 1754791800000,
    "open": "0.20620784",
    "high": "0.20630751",
    "low": "0.20579219",
    "close": "0.20630751",
    "volume": "891.19"
  },
  {
    "ts": 1754792100000,
    "open": "0.20668943",
    "high": "0.20668943",
    "low": "0.2066784",
    "close": "0.2066784",
    "volume": "83.68"
  },
  {
    "ts": 1754792400000,
    "open": "0.20701848",
    "high": "0.20701848",
    "low": "0.20654571",
    "close": "0.20654571",
    "volume": "482.72"
  },
  {
    "ts": 1754792700000,
    "open": "0.20675303",
    "high": "0.20675303",
    "low": "0.20657656",
    "close": "0.20657656",
    "volume": "275.6"
  },
  {
    "ts": 1754793000000,
    "open": "0.20659572",
    "high": "0.20659572",
    "low": "0.20596119",
    "close": "0.20598172",
    "volume": "907.58"
  },
  {
    "ts": 1754793300000,
    "open": "0.20612726",
    "high": "0.20612726",
    "low": "0.20514175",
    "close": "0.20514175",
    "volume": "775.31"
  },
  {
    "ts": 1754793600000,
    "open": "0.20500416",
    "high": "0.20500416",
    "low": "0.20454469",
    "close": "0.20454469",
    "volume": "297.77"
  },
  {
    "ts": 1754793900000,
    "open": "0.20516994",
    "high": "0.20516994",
    "low": "0.20516994",
    "close": "0.20516994",
    "volume": "274.52"
  },
  {
    "ts": 1754794200000,
    "open": "0.20511171",
    "high": "0.20513173",
    "low": "0.20508463",
    "close": "0.20513173",
    "volume": "492.82"
  },
  {
    "ts": 1754794500000,
    "open": "0.20512019",
    "high": "0.20516075",
    "low": "0.20511938",
    "close": "0.20511938",
    "volume": "466.1"
  },
  {
    "ts": 1754794800000,
    "open": "0.20512642",
    "high": "0.20573662",
    "low": "0.20512642",
    "close": "0.20573662",
    "volume": "58.26"
  },
  {
    "ts": 1754795100000,
    "open": "0.20574963",
    "high": "0.20574963",
    "low": "0.20546031",
    "close": "0.20546031",
    "volume": "627.21"
  },
  {
    "ts": 1754795400000,
    "open": "0.2047085",
    "high": "0.2047085",
    "low": "0.20452789",
    "close": "0.20452789",
    "volume": "195.4"
  },
  {
    "ts": 1754795700000,
    "open": "0.2049164",
    "high": "0.20565561",
    "low": "0.2049164",
    "close": "0.20565561",
    "volume": "490.19"
  },
  {
    "ts": 1754796000000,
    "open": "0.20617219",
    "high": "0.20689215",
    "low": "0.20617219",
    "close": "0.20689215",
    "volume": "337.47"
  },
  {
    "ts": 1754796300000,
    "open": "0.20686572",
    "high": "0.20686572",
    "low": "0.20652972",
    "close": "0.20653082",
    "volume": "647.69"
  },
  {
    "ts": 1754796600000,
    "open": "0.2070408",
    "high": "0.2070408",
    "low": "0.20651508",
    "close": "0.20651508",
    "volume": "432.66"
  },
  {
    "ts": 1754796900000,
    "open": "0.20650308",
    "high": "0.20651552",
    "low": "0.20648793",
    "close": "0.20648793",
    "volume": "574.68"
  },
  {
    "ts": 1754797200000,
    "open": "0.20677794",
    "high": "0.20699679",
    "low": "0.20677794",
    "close": "0.20699679",
    "volume": "567.61"
  },
  {
    "ts": 1754797500000,
    "open": "0.20724133",
    "high": "0.20742964",
    "low": "0.20710566",
    "close": "0.20710566",
    "volume": "658.8"
  },
  {
    "ts": 1754797800000,
    "open": "0.20742632",
    "high": "0.20795809",
    "low": "0.20742632",
    "close": "0.20795809",
    "volume": "435.83"
  },
  {
    "ts": 1754798100000,
    "open": "0.20763637",
    "high": "0.20763637",
    "low": "0.20748444",
    "close": "0.20748444",
    "volume": "399.18"
  },
  {
    "ts": 1754798400000,
    "open": "0.20763957",
    "high": "0.20763957",
    "low": "0.20723213",
    "close": "0.20747246",
    "volume": "609.73"
  },
  {
    "ts": 1754798700000,
    "open": "0.20720076",
    "high": "0.20720076",
    "low": "0.20709625",
    "close": "0.20709625",
    "volume": "594.88"
  },
  {
    "ts": 1754799000000,
    "open": "0.20708971",
    "high": "0.20718576",
    "low": "0.20708971",
    "close": "0.20718576",
    "volume": "389.08"
  },
  {
    "ts": 1754799300000,
    "open": "0.20745506",
    "high": "0.20749289",
    "low": "0.20745506",
    "close": "0.20747166",
    "volume": "350.04"
  },
  {
    "ts": 1754799600000,
    "open": "0.20762668",
    "high": "0.2079861",
    "low": "0.20762668",
    "close": "0.20795546",
    "volume": "677.42"
  },
  {
    "ts": 1754799900000,
    "open": "0.20772871",
    "high": "0.20773549",
    "low": "0.20772126",
    "close": "0.20772126",
    "volume": "558.77"
  },
  {
    "ts": 1754800200000,
    "open": "0.20752232",
    "high": "0.20752232",
    "low": "0.20751262",
    "close": "0.20751262",
    "volume": "361.47"
  },
  {
    "ts": 1754800500000,
    "open": "0.20750759",
    "high": "0.20751246",
    "low": "0.20736223",
    "close": "0.20737697",
    "volume": "531.73"
  },
  {
    "ts": 1754800800000,
    "open": "0.20749598",
    "high": "0.20752147",
    "low": "0.20749598",
    "close": "0.20752147",
    "volume": "204.46"
  },
  {
    "ts": 1754801100000,
    "open": "0.20752074",
    "high": "0.20773359",
    "low": "0.20752074",
    "close": "0.20773359",
    "volume": "276.6"
  },
  {
    "ts": 1754801400000,
    "open": "0.20773607",
    "high": "0.20773607",
    "low": "0.20773607",
    "close": "0.20773607",
    "volume": "264.45"
  },
  {
    "ts": 1754801700000,
    "open": "0.2074659",
    "high": "0.2074659",
    "low": "0.20745873",
    "close": "0.20745873",
    "volume": "216.88"
  },
  {
    "ts": 1754802000000,
    "open": "0.20748895",
    "high": "0.20749395",
    "low": "0.20745954",
    "close": "0.20745954",
    "volume": "537.3"
  },
  {
    "ts": 1754802300000,
    "open": "0.20772062",
    "high": "0.20772062",
    "low": "0.20736171",
    "close": "0.20736171",
    "volume": "493.95"
  },
  {
    "ts": 1754802600000,
    "open": "0.20712411",
    "high": "0.20735061",
    "low": "0.20712131",
    "close": "0.20735061",
    "volume": "774.04"
  },
  {
    "ts": 1754802900000,
    "open": "0.20691415",
    "high": "0.20691415",
    "low": "0.20690512",
    "close": "0.20690512",
    "volume": "481.66"
  },
  {
    "ts": 1754803200000,
    "open": "0.20690885",
    "high": "0.20690885",
    "low": "0.20669578",
    "close": "0.20669938",
    "volume": "557.11"
  },
  {
    "ts": 1754803500000,
    "open": "0.20669913",
    "high": "0.20669913",
    "low": "0.20471341",
    "close": "0.20471341",
    "volume": "294.61"
  },
  {
    "ts": 1754803800000,
    "open": "0.20471685",
    "high": "0.20490808",
    "low": "0.20471685",
    "close": "0.20490808",
    "volume": "434.3"
  },
  {
    "ts": 1754804100000,
    "open": "0.20512663",
    "high": "0.20512663",
    "low": "0.20495858",
    "close": "0.20495858",
    "volume": "391.66"
  },
  {
    "ts": 1754804400000,
    "open": "0.20497376",
    "high": "0.20497376",
    "low": "0.20497376",
    "close": "0.20497376",
    "volume": "276.58"
  },
  {
    "ts": 1754804700000,
    "open": "0.20517801",
    "high": "0.20517801",
    "low": "0.20480315",
    "close": "0.20480315",
    "volume": "243.97"
  },
  {
    "ts": 1754805300000,
    "open": "0.20444715",
    "high": "0.20446385",
    "low": "0.20444715",
    "close": "0.20446385",
    "volume": "527.03"
  },
  {
    "ts": 1754805600000,
    "open": "0.20447271",
    "high": "0.20447271",
    "low": "0.20424954",
    "close": "0.20425271",
    "volume": "348.51"
  },
  {
    "ts": 1754805900000,
    "open": "0.20425128",
    "high": "0.2042515",
    "low": "0.20425007",
    "close": "0.20425007",
    "volume": "500.84"
  },
  {
    "ts": 1754806200000,
    "open": "0.20424669",
    "high": "0.20425226",
    "low": "0.20424669",
    "close": "0.20425005",
    "volume": "518.27"
  },
  {
    "ts": 1754806500000,
    "open": "0.20425224",
    "high": "0.20425224",
    "low": "0.20329017",
    "close": "0.20329017",
    "volume": "565.04"
  },
  {
    "ts": 1754806800000,
    "open": "0.20299946",
    "high": "0.20299946",
    "low": "0.20278172",
    "close": "0.20278172",
    "volume": "274.18"
  },
  {
    "ts": 1754807100000,
    "open": "0.20255696",
    "high": "0.20255696",
    "low": "0.20168257",
    "close": "0.20168257",
    "volume": "757.79"
  },
  {
    "ts": 1754807400000,
    "open": "0.20266193",
    "high": "0.202799",
    "low": "0.20266073",
    "close": "0.202799",
    "volume": "536.84"
  },
  {
    "ts": 1754807700000,
    "open": "0.20279983",
    "high": "0.20291621",
    "low": "0.20201647",
    "close": "0.20291621",
    "volume": "734.06"
  },
  {
    "ts": 1754808000000,
    "open": "0.20290505",
    "high": "0.20320231",
    "low": "0.20290505",
    "close": "0.20296246",
    "volume": "622.43"
  },
  {
    "ts": 1754808300000,
    "open": "0.20298319",
    "high": "0.20298319",
    "low": "0.20283368",
    "close": "0.20283368",
    "volume": "351.92"
  },
  {
    "ts": 1754808600000,
    "open": "0.20283097",
    "high": "0.20304151",
    "low": "0.20283097",
    "close": "0.20304151",
    "volume": "206.64"
  },
  {
    "ts": 1754809200000,
    "open": "0.2024881",
    "high": "0.20314715",
    "low": "0.20186927",
    "close": "0.20231165",
    "volume": "362.15065779"
  },
  {
    "ts": 1754809500000,
    "open": "0.20235131",
    "high": "0.20249289",
    "low": "0.20235131",
    "close": "0.202465",
    "volume": "491.48"
  },
  {
    "ts": 1754809800000,
    "open": "0.20249109",
    "high": "0.20249109",
    "low": "0.20247273",
    "close": "0.20248695",
    "volume": "397.49"
  },
  {
    "ts": 1754810100000,
    "open": "0.20247902",
    "high": "0.20247902",
    "low": "0.20225651",
    "close": "0.20225651",
    "volume": "496.84"
  },
  {
    "ts": 1754810400000,
    "open": "0.20250502",
    "high": "0.20254528",
    "low": "0.20250484",
    "close": "0.20254528",
    "volume": "422.46"
  },
  {
    "ts": 1754810700000,
    "open": "0.20252774",
    "high": "0.20252774",
    "low": "0.20212994",
    "close": "0.20212994",
    "volume": "485.37"
  },
  {
    "ts": 1754811000000,
    "open": "0.2021329",
    "high": "0.2021329",
    "low": "0.20131945",
    "close": "0.20189121",
    "volume": "453.82"
  },
  {
    "ts": 1754811300000,
    "open": "0.20159",
    "high": "0.20159",
    "low": "0.20034592",
    "close": "0.20034592",
    "volume": "227.86"
  },
  {
    "ts": 1754811600000,
    "open": "0.19974924",
    "high": "0.19994174",
    "low": "0.19974924",
    "close": "0.19994174",
    "volume": "366.94"
  },
  {
    "ts": 1754811900000,
    "open": "0.19889032",
    "high": "0.19942769",
    "low": "0.19889032",
    "close": "0.19942769",
    "volume": "459.39"
  },
  {
    "ts": 1754812200000,
    "open": "0.19944579",
    "high": "0.19944579",
    "low": "0.1990526",
    "close": "0.1990526",
    "volume": "280.7"
  },
  {
    "ts": 1754812500000,
    "open": "0.19928475",
    "high": "0.19928475",
    "low": "0.19928475",
    "close": "0.19928475",
    "volume": "97.57"
  },
  {
    "ts": 1754812800000,
    "open": "0.1990259",
    "high": "0.1990259",
    "low": "0.19778607",
    "close": "0.19778607",
    "volume": "421.78"
  },
  {
    "ts": 1754813100000,
    "open": "0.1969387",
    "high": "0.19799565",
    "low": "0.19614411",
    "close": "0.19663955",
    "volume": "568.57317045"
  },
  {
    "ts": 1754813400000,
    "open": "0.19686818",
    "high": "0.19726009",
    "low": "0.19686818",
    "close": "0.19726009",
    "volume": "398.83"
  },
  {
    "ts": 1754813700000,
    "open": "0.19714094",
    "high": "0.19802253",
    "low": "0.19714094",
    "close": "0.19802253",
    "volume": "522.85"
  },
  {
    "ts": 1754814000000,
    "open": "0.19808836",
    "high": "0.19867669",
    "low": "0.19808836",
    "close": "0.19864671",
    "volume": "417.5"
  },
  {
    "ts": 1754814300000,
    "open": "0.19870132",
    "high": "0.19870132",
    "low": "0.19851043",
    "close": "0.19851043",
    "volume": "744.84"
  },
  {
    "ts": 1754814600000,
    "open": "0.19888004",
    "high": "0.19922685",
    "low": "0.19888004",
    "close": "0.19922685",
    "volume": "535.49"
  },
  {
    "ts": 1754814900000,
    "open": "0.19953679",
    "high": "0.19953679",
    "low": "0.19917647",
    "close": "0.19917647",
    "volume": "27.77"
  },
  {
    "ts": 1754815200000,
    "open": "0.19916817",
    "high": "0.19918307",
    "low": "0.19867068",
    "close": "0.19918307",
    "volume": "330"
  },
  {
    "ts": 1754815500000,
    "open": "0.19939851",
    "high": "0.19958791",
    "low": "0.19938957",
    "close": "0.19958791",
    "volume": "338.73"
  },
  {
    "ts": 1754815800000,
    "open": "0.20000363",
    "high": "0.20009836",
    "low": "0.20000363",
    "close": "0.20009836",
    "volume": "535.26"
  },
  {
    "ts": 1754816100000,
    "open": "0.2001211",
    "high": "0.200132",
    "low": "0.2001211",
    "close": "0.200132",
    "volume": "254.51"
  },
  {
    "ts": 1754816400000,
    "open": "0.1997968",
    "high": "0.20014451",
    "low": "0.1997968",
    "close": "0.20014451",
    "volume": "497.57"
  },
  {
    "ts": 1754816700000,
    "open": "0.19991775",
    "high": "0.19991775",
    "low": "0.19817937",
    "close": "0.19817937",
    "volume": "525.11243113"
  },
  {
    "ts": 1754817000000,
    "open": "0.1989456",
    "high": "0.19899778",
    "low": "0.1989456",
    "close": "0.19899778",
    "volume": "435.31"
  },
  {
    "ts": 1754817300000,
    "open": "0.19902714",
    "high": "0.19940033",
    "low": "0.19902714",
    "close": "0.19935023",
    "volume": "392.96"
  },
  {
    "ts": 1754817600000,
    "open": "0.19943022",
    "high": "0.19943022",
    "low": "0.19932914",
    "close": "0.19932914",
    "volume": "319.35"
  },
  {
    "ts": 1754817900000,
    "open": "0.19911288",
    "high": "0.19912403",
    "low": "0.19909572",
    "close": "0.19912403",
    "volume": "535.52"
  },
  {
    "ts": 1754818200000,
    "open": "0.19910123",
    "high": "0.19943078",
    "low": "0.19910123",
    "close": "0.19943078",
    "volume": "411.63"
  },
  {
    "ts": 1754818500000,
    "open": "0.19936033",
    "high": "0.19942084",
    "low": "0.19936033",
    "close": "0.19938043",
    "volume": "131.06"
  },
  {
    "ts": 1754818800000,
    "open": "0.19937355",
    "high": "0.19937355",
    "low": "0.19937355",
    "close": "0.19937355",
    "volume": "45.15"
  },
  {
    "ts": 1754819100000,
    "open": "0.19933824",
    "high": "0.19953872",
    "low": "0.19933824",
    "close": "0.19951849",
    "volume": "717.82"
  },
  {
    "ts": 1754819400000,
    "open": "0.19976004",
    "high": "0.19978851",
    "low": "0.19976004",
    "close": "0.19978851",
    "volume": "176.53"
  },
  {
    "ts": 1754819700000,
    "open": "0.19938468",
    "high": "0.19946854",
    "low": "0.19922057",
    "close": "0.19946854",
    "volume": "457.59"
  },
  {
    "ts": 1754820000000,
    "open": "0.19947005",
    "high": "0.19947005",
    "low": "0.1992254",
    "close": "0.1992254",
    "volume": "474.63"
  },
  {
    "ts": 1754820300000,
    "open": "0.19948906",
    "high": "0.19948906",
    "low": "0.1993608",
    "close": "0.1993608",
    "volume": "668.33"
  },
  {
    "ts": 1754820600000,
    "open": "0.19906269",
    "high": "0.19906269",
    "low": "0.199026",
    "close": "0.19906201",
    "volume": "461.03"
  },
  {
    "ts": 1754820900000,
    "open": "0.198678",
    "high": "0.19869898",
    "low": "0.19849983",
    "close": "0.19849983",
    "volume": "307.51"
  },
  {
    "ts": 1754821200000,
    "open": "0.19869552",
    "high": "0.19869552",
    "low": "0.19826203",
    "close": "0.19826203",
    "volume": "640.33"
  },
  {
    "ts": 1754821500000,
    "open": "0.19821701",
    "high": "0.19822265",
    "low": "0.19804569",
    "close": "0.19804569",
    "volume": "695.45"
  },
  {
    "ts": 1754821800000,
    "open": "0.19808681",
    "high": "0.19811702",
    "low": "0.19777836",
    "close": "0.19777836",
    "volume": "501.11"
  },
  {
    "ts": 1754822100000,
    "open": "0.19735104",
    "high": "0.19742915",
    "low": "0.19705246",
    "close": "0.19742915",
    "volume": "649.82"
  },
  {
    "ts": 1754822400000,
    "open": "0.19786568",
    "high": "0.1982076",
    "low": "0.19786562",
    "close": "0.19818486",
    "volume": "552.97"
  },
  {
    "ts": 1754822700000,
    "open": "0.19867717",
    "high": "0.19869341",
    "low": "0.19861267",
    "close": "0.19861267",
    "volume": "656.94"
  },
  {
    "ts": 1754823000000,
    "open": "0.19822703",
    "high": "0.19822703",
    "low": "0.19762444",
    "close": "0.19762444",
    "volume": "345.23"
  }
]