{
  "pair": "DOGE_EUR",
  "ticker": {
    "AAVE_USDC": {
      "buy_price": "303.3",
      "sell_price": "303.4969",
      "last_trade": "303.2239",
      "high": "304.528",
      "low": "281.2586",
      "avg": "293.45037639",
      "vol": "406.77014467",
      "vol_curr": "123342.42967173",
      "updated": 1754743967
    },
    "AAVE_USDT": {
      "buy_price": "303.1",
      "sell_price": "303.31",
      "last_trade": "303.1364",
      "high": "304.49",
      "low": "281.2426",
      "avg": "293.53720775",
      "vol": "155.16863486",
      "vol_curr": "47037.26136465",
      "updated": 1754743967
    },
    "ACT_USDT": {
      "buy_price": "0.04287667",
      "sell_price": "0.043",
      "last_trade": "0.042774",
      "high": "0.04285",
      "low": "0.039127",
      "avg": "0.04113468",
      "vol": "26619.03823119",
      "vol_curr": "1138.6027413",
      "updated": 1754743972
    },
    "ADA_BTC": {
      "buy_price": "0.00000697",
      "sell_price": "0.000007",
      "last_trade": "0.00000699",
      "high": "0.00000698",
      "low": "0.0000067",
      "avg": "0.00000684",
      "vol": "43951.47919655",
      "vol_curr": "0.30634181",
      "updated": 1754743967
    },
    "ADA_USD": {
      "buy_price": "0.79600004",
      "sell_price": "0.82",
      "last_trade": "0.80796647",
      "high": "0.82",
      "low": "0.77017271",
      "avg": "0.78190396",
      "vol": "320826.22968683",
      "vol_curr": "259216.83628347",
      "updated": 1754743970
    },
    "ADA_USDC": {
      "buy_price": "0.81778291",
      "sell_price": "0.82110356",
      "last_trade": "0.81868995",
      "high": "0.81868995",
      "low": "0.77681692",
      "avg": "0.79893055",
      "vol": "119784.91597686",
      "vol_curr": "98066.70687185",
      "updated": 1754743954
    },
    "ADA_USDT": {
      "buy_price": "0.81812572",
      "sell_price": "0.81999999",
      "last_trade": "0.81906285",
      "high": "0.81797071",
      "low": "0.77469384",
      "avg": "0.79784236",
      "vol": "718332.0102662",
      "vol_curr": "587381.81597482",
      "updated": 1754743970
    },
    "AI16Z_USDT": {
      "buy_price": "0.14238582",
      "sell_price": "0.14296237",
      "last_trade": "0.14231",
      "high": "0.14669",
      "low": "0.13183",
      "avg": "0.13767669",
      "vol": "71133.44295713",
      "vol_curr": "10123.00026723",
      "updated": 1754743971
    },
    "AIXBT_USDT": {
      "buy_price": "0.1353",
      "sell_price": "0.13550519",
      "last_trade": "0.1352",
      "high": "0.1352",
      "low": "0.1265",
      "avg": "0.12983487",
      "vol": "120105.27370506",
      "vol_curr": "16238.23300492",
      "updated": 1754743972
    },
    "ALCH_USDT": {
      "buy_price": "0.14431",
      "sell_price": "0.14463173",
      "last_trade": "0.14439",
      "high": "0.14706",
      "low": "0.143",
      "avg": "0.14464906",
      "vol": "69391.98372652",
      "vol_curr": "10019.50853027",
      "updated": 1754743966
    },
    "ALGO_BTC": {
      "buy_price": "0.00000235",
      "sell_price": "0.00000237",
      "last_trade": "0.00000236",
      "high": "0.00000236",
      "low": "0.00000218",
      "avg": "0.00000229",
      "vol": "46660.91141186",
      "vol_curr": "0.11011975",
      "updated": 1754743972
    },
    "ALGO_EUR": {
      "buy_price": "0.23505909",
      "sell_price": "0.2485713",
      "last_trade": "0.24046754",
      "high": "0.24196763",
      "low": "0.22131751",
      "avg": "0.230412",
      "vol": "128427.46803876",
      "vol_curr": "31038.78969754",
      "updated": 1754743972
    },
    "ALGO_USDC": {
      "buy_price": "0.2763",
      "sell_price": "0.2768273",
      "last_trade": "0.2761",
      "high": "0.2769",
      "low": "0.2567",
      "avg": "0.26728955",
      "vol": "81721.36912277",
      "vol_curr": "22563.27001479",
      "updated": 1754743970
    },
    "ALGO_USDT": {
      "buy_price": "0.2763",
      "sell_price": "0.27685882",
      "last_trade": "0.27610776",
      "high": "0.27730933",
      "low": "0.25652432",
      "avg": "0.26717746",
      "vol": "1109079.35427819",
      "vol_curr": "306489.67650974",
      "updated": 1754743971
    },
    "ARB_USDC": {
      "buy_price": "0.4656",
      "sell_price": "0.46677944",
      "last_trade": "0.4657",
      "high": "0.4663",
      "low": "0.4161",
      "avg": "0.44075185",
      "vol": "19716.03072993",
      "vol_curr": "9181.75551093",
      "updated": 1754743969
    },
    "ARB_USDT": {
      "buy_price": "0.4656",
      "sell_price": "0.46594287",
      "last_trade": "0.465",
      "high": "0.4661",
      "low": "0.4156",
      "avg": "0.43982414",
      "vol": "51416.55856266",
      "vol_curr": "23908.69973163",
      "updated": 1754743966
    },
    "ATOM_BTC": {
      "buy_price": "0.00004071",
      "sell_price": "0.00004105",
      "last_trade": "0.00004088",
      "high": "0.00004135",
      "low": "0.00003737",
      "avg": "0.00003995",
      "vol": "1607.13517666",
      "vol_curr": "0.06569968",
      "updated": 1754743970
    },
    "ATOM_EUR": {
      "buy_price": "4.067411",
      "sell_price": "4.263567",
      "last_trade": "4.154983",
      "high": "4.160284",
      "low": "3.931084",
      "avg": "4.05389224",
      "vol": "3321.61679484",
      "vol_curr": "13801.2613151",
      "updated": 1754743969
    },
    "ATOM_USD": {
      "buy_price": "4.261943",
      "sell_price": "4.899995",
      "last_trade": "4.5722",
      "high": "4.6798",
      "low": "4.4712",
      "avg": "4.55782329",
      "vol": "537.04232098",
      "vol_curr": "2455.4649",
      "updated": 1754743971
    },
    "ATOM_USDC": {
      "buy_price": "4.777227",
      "sell_price": "4.786",
      "last_trade": "4.774",
      "high": "4.7852",
      "low": "4.5156",
      "avg": "4.63067218",
      "vol": "1362.62378942",
      "vol_curr": "6505.16597072",
      "updated": 1754743969
    },
    "ATOM_USDT": {
      "buy_price": "4.785",
      "sell_price": "4.788675",
      "last_trade": "4.7855",
      "high": "4.790258",
      "low": "4.520036",
      "avg": "4.65624855",
      "vol": "17573.55817099",
      "vol_curr": "84080.68906911",
      "updated": 1754743971
    },
    "AXS_USDC": {
      "buy_price": "2.55",
      "sell_price": "2.55792106",
      "last_trade": "2.554",
      "high": "2.554",
      "low": "2.376",
      "avg": "2.46907777",
      "vol": "17687.83036969",
      "vol_curr": "45174.71876419",
      "updated": 1754743957
    },
    "AXS_USDT": {
      "buy_price": "2.54492568",
      "sell_price": "2.55",
      "last_trade": "2.5495",
      "high": "2.5495",
      "low": "2.3216",
      "avg": "2.46525087",
      "vol": "54988.90226737",
      "vol_curr": "140194.20633066",
      "updated": 1754743972
    },
    "A_USD": {
      "buy_price": "0.500006",
      "sell_price": "0.559999",
      "last_trade": "0.530094",
      "high": "0.559999",
      "low": "0.500005",
      "avg": "0.52866521",
      "vol": "6580.44742425",
      "vol_curr": "3488.25569691",
      "updated": 1754743957
    },
    "A_USDC": {
      "buy_price": "0.544285",
      "sell_price": "0.546",
      "last_trade": "0.545092",
      "high": "0.545241",
      "low": "0.519236",
      "avg": "0.53231464",
      "vol": "112068.01975577",
      "vol_curr": "61027.2004981",
      "updated": 1754743970
    },
    "A_USDT": {
      "buy_price": "0.543821",
      "sell_price": "0.546",
      "last_trade": "0.543809",
      "high": "0.545019",
      "low": "0.519706",
      "avg": "0.53225486",
      "vol": "56207.6678483",
      "vol_curr": "30566.23564491",
      "updated": 1754743970
    },
    "BCH_BTC": {
      "buy_price": "0.00499971",
      "sell_price": "0.00506787",
      "last_trade": "0.00501467",
      "high": "0.00507027",
      "low": "0.0049413",
      "avg": "0.00501691",
      "vol": "64.17448329",
      "vol_curr": "0.32181385",
      "updated": 1754743968
    },
    "BCH_ETH": {
      "buy_price": "0.139",
      "sell_price": "0.145791",
      "last_trade": "0.142377",
      "high": "0.153095",
      "low": "0.141382",
      "avg": "0.14745031",
      "vol": "938.12035103",
      "vol_curr": "133.56676122",
      "updated": 1754743971
    },
    "BCH_EUR": {
      "buy_price": "500.827",
      "sell_price": "532.115",
      "last_trade": "516.5992",
      "high": "519.3969",
      "low": "495.4536",
      "avg": "502.74720088",
      "vol": "1013.93089443",
      "vol_curr": "516335.0812184",
      "updated": 1754743972
    },
    "BCH_UAH": {
      "buy_price": "23885.4948",
      "sell_price": "24500",
      "last_trade": "24199.818",
      "high": "24298.1546",
      "low": "23440.2592",
      "avg": "24071.07596846",
      "vol": "777.41178077",
      "vol_curr": "18820450.0370269",
      "updated": 1754743967
    },
    "BCH_USD": {
      "buy_price": "573.3402",
      "sell_price": "589",
      "last_trade": "581.5368",
      "high": "588.777",
      "low": "573.6479",
      "avg": "577.34151373",
      "vol": "3651.19918338",
      "vol_curr": "2123306.68926574",
      "updated": 1754743972
    },
    "BCH_USDC": {
      "buy_price": "585.2086",
      "sell_price": "589.5966",
      "last_trade": "587.3631",
      "high": "591.9071",
      "low": "577.1246",
      "avg": "585.40751473",
      "vol": "80.09513159",
      "vol_curr": "47044.9247875",
      "updated": 1754743952
    },
    "BCH_USDT": {
      "buy_price": "587.3303",
      "sell_price": "587.95",
      "last_trade": "587.4971",
      "high": "590.9772",
      "low": "576.1851",
      "avg": "585.0486484",
      "vol": "134.43256114",
      "vol_curr": "78943.28995333",
      "updated": 1754743970
    },
    "BERA_USDC": {
      "buy_price": "1",
      "sell_price": "13.5",
      "last_trade": "0",
      "high": "0",
      "low": "0",
      "avg": "0",
      "vol": "0",
      "vol_curr": "0",
      "updated": 1749720712
    },
    "BERA_USDT": {
      "buy_price": "2.124",
      "sell_price": "2.13771648",
      "last_trade": "2.13086",
      "high": "2.13505531",
      "low": "1.91691",
      "avg": "2.036781",
      "vol": "4780.94344694",
      "vol_curr": "10187.52115336",
      "updated": 1754743971
    },
    "BETH_BTC": {
      "buy_price": "0.0001",
      "sell_price": "10",
      "last_trade": "10",
      "high": "10",
      "low": "10",
      "avg": "10",
      "vol": "0.001",
      "vol_curr": "0.01",
      "updated": 1726136825
    },
    "BIO_USDT": {
      "buy_price": "0.0948",
      "sell_price": "0.0954089",
      "last_trade": "0.0952",
      "high": "0.11648255",
      "low": "0.0888",
      "avg": "0.0948558",
      "vol": "108216.93839835",
      "vol_curr": "10302.25253552",
      "updated": 1754743970
    },
    "BLAST_USDT": {
      "buy_price": "0.00332482",
      "sell_price": "0.00334259",
      "last_trade": "0.00333",
      "high": "0.00333",
      "low": "0.00317",
      "avg": "0.00324383",
      "vol": "757329.01291291",
      "vol_curr": "2521.905613",
      "updated": 1754743970
    },
    "BTC_DAI": {
      "buy_price": "117080.36",
      "sell_price": "117166.64",
      "last_trade": "117124.09",
      "high": "117906.01",
      "low": "114315.94",
      "avg": "116319.6777474",
      "vol": "1.59985435",
      "vol_curr": "187372.20654356",
      "updated": 1754743966
    },
    "BTC_EUR": {
      "buy_price": "99897.78",
      "sell_price": "100644.84",
      "last_trade": "100250.06",
      "high": "100776.61",
      "low": "99014.8",
      "avg": "100066.66311193",
      "vol": "21.76681283",
      "vol_curr": "2182124.29295664",
      "updated": 1754743972
    },
    "BTC_GBP": {
      "buy_price": "86432.26",
      "sell_price": "89999.99",
      "last_trade": "88133.59",
      "high": "88528.89",
      "low": "87755.08",
      "avg": "88110.50270478",
      "vol": "2.73925232",
      "vol_curr": "241420.1413",
      "updated": 1754743972
    },
    "BTC_PLN": {
      "buy_price": "420032.17",
      "sell_price": "430000",
      "last_trade": "424865.55",
      "high": "429999.99",
      "low": "423495.13",
      "avg": "425426.83174242",
      "vol": "7.03226902",
      "vol_curr": "2987272.36852798",
      "updated": 1754743972
    },
    "BTC_UAH": {
      "buy_price": "4768209.9",
      "sell_price": "4848877.57",
      "last_trade": "4808544.63",
      "high": "4826105.47",
      "low": "4750772.5",
      "avg": "4810126.86189913",
      "vol": "78.59178062",
      "vol_curr": "377912215.15036766",
      "updated": 1754743972
    },
    "BTC_USD": {
      "buy_price": "117341.9",
      "sell_price": "117927.35",
      "last_trade": "117630.29",
      "high": "118161.4",
      "low": "116645.71",
      "avg": "117288.35440618",
      "vol": "24.18832959",
      "vol_curr": "2845187.10004093",
      "updated": 1754743970
    },
    "BTC_USDC": {
      "buy_price": "117086.2",
      "sell_price": "117327.93",
      "last_trade": "117201.11",
      "high": "117882.38",
      "low": "115819.14",
      "avg": "116746.23821692",
      "vol": "1.16911656",
      "vol_curr": "137021.75855441",
      "updated": 1754743961
    },
    "BTC_USDQ": {
      "buy_price": "116164.29",
      "sell_price": "117086.3",
      "last_trade": "116611.7",
      "high": "126165.94",
      "low": "104166.44",
      "avg": "118847.32586206",
      "vol": "1.36584717",
      "vol_curr": "159273.761247",
      "updated": 1754743961
    },
    "BTC_USDR": {
      "buy_price": "117080.4",
      "sell_price": "117580.11",
      "last_trade": "117327.21",
      "high": "118056.53",
      "low": "108698.85",
      "avg": "116967.83342902",
      "vol": "1.33515307",
      "vol_curr": "156649.78494475",
      "updated": 1754743961
    },
    "BTC_USDT": {
      "buy_price": "117062.49",
      "sell_price": "117086.3",
      "last_trade": "117062.3",
      "high": "117847.71",
      "low": "115867.05",
      "avg": "116685.33015749",
      "vol": "85.51783632",
      "vol_curr": "10010914.61083947",
      "updated": 1754743971
    },
    "BTT100K_USDC": {
      "buy_price": "0.06897805",
      "sell_price": "0.06947833",
      "last_trade": "0.0692",
      "high": "0.0693",
      "low": "0.0534",
      "avg": "0.06803102",
      "vol": "761835.35",
      "vol_curr": "52719.00622",
      "updated": 1754743969
    },
    "BTT100K_USDT": {
      "buy_price": "0.06900635",
      "sell_price": "0.069068",
      "last_trade": "0.069",
      "high": "0.069",
      "low": "0.0666",
      "avg": "0.06801317",
      "vol": "3916081.62033614",
      "vol_curr": "270209.63180319",
      "updated": 1754743971
    },
    "CHZ_BTC": {
      "buy_price": "0.00000037",
      "sell_price": "0.00000038",
      "last_trade": "0.00000037",
      "high": "0.00000038",
      "low": "0.00000035",
      "avg": "0.00000036",
      "vol": "247437.34131444",
      "vol_curr": "0.09155181",
      "updated": 1754743958
    },
    "CHZ_USDT": {
      "buy_price": "0.0438",
      "sell_price": "0.04394",
      "last_trade": "0.043835",
      "high": "0.043898",
      "low": "0.040934",
      "avg": "0.04244823",
      "vol": "25365.90214476",
      "vol_curr": "1111.91432051",
      "updated": 1754743967
    },
    "CRV_USDT": {
      "buy_price": "0.9984",
      "sell_price": "1.0012",
      "last_trade": "0.9994",
      "high": "1.0051",
      "low": "0.9059",
      "avg": "0.95971296",
      "vol": "84889.53959834",
      "vol_curr": "84838.60587458",
      "updated": 1754743971
    },
    "DASH_BTC": {
      "buy_price": "0.00019508",
      "sell_price": "0.00019959",
      "last_trade": "0.0001981",
      "high": "0.00019823",
      "low": "0.00018271",
      "avg": "0.00019105",
      "vol": "2213.71136807",
      "vol_curr": "0.43853622",
      "updated": 1754743970
    },
    "DEGEN_USDC": {
      "buy_price": "0.00415167",
      "sell_price": "0.004158",
      "last_trade": "0.00415",
      "high": "0.004174",
      "low": "0.003646",
      "avg": "0.00385464",
      "vol": "409001.34624962",
      "vol_curr": "1697.35558693",
      "updated": 1754743972
    },
    "DEGEN_USDT": {
      "buy_price": "0.004157",
      "sell_price": "0.00416227",
      "last_trade": "0.004156",
      "high": "0.00417904",
      "low": "0.003651",
      "avg": "0.00387292",
      "vol": "566844.08338289",
      "vol_curr": "2355.80401053",
      "updated": 1754743971
    },
    "DOGE_BTC": {
      "buy_price": "0.00000207",
      "sell_price": "0.00000208",
      "last_trade": "0.00000207",
      "high": "0.00000207",
      "low": "0.0000019",
      "avg": "0.00000197",
      "vol": "689366.93964596",
      "vol_curr": "1.42698956",
      "updated": 1754743958
    },
    "DOGE_EUR": {
      "buy_price": "0.20732854",
      "sell_price": "0.20739167",
      "last_trade": "0.20736034",
      "high": "0.20737138",
      "low": "0.18865221",
      "avg": "0.19762319",
      "vol": "257101.87360811",
      "vol_curr": "53312.73192601",
      "updated": 1754743971
    },
    "DOGE_USD": {
      "buy_price": "0.24000001",
      "sell_price": "0.245",
      "last_trade": "0.24251458",
      "high": "0.24251458",
      "low": "0.2200199",
      "avg": "0.22700304",
      "vol": "281095.41115291",
      "vol_curr": "68169.73557567",
      "updated": 1754743972
    },
    "DOGE_USDC": {
      "buy_price": "0.24306684",
      "sell_price": "0.24395",
      "last_trade": "0.24355946",
      "high": "0.24413634",
      "low": "0.21940368",
      "avg": "0.23045319",
      "vol": "266779.1181534",
      "vol_curr": "64976.57795671",
      "updated": 1754743972
    },
    "DOGE_USDT": {
      "buy_price": "0.24363199",
      "sell_price": "0.24395",
      "last_trade": "0.243756",
      "high": "0.24383998",
      "low": "0.219685",
      "avg": "0.23002213",
      "vol": "1335270.80956781",
      "vol_curr": "325592.40749959",
      "updated": 1754743971
    },
    "DOGS_BTC": {
      "buy_price": "0.00000001",
      "sell_price": "0.000001",
      "last_trade": "0.00000001",
      "high": "0.00000001",
      "low": "0.00000001",
      "avg": "0.00000001",
      "vol": "2000",
      "vol_curr": "0.00002",
      "updated": 1724758843
    },
    "DOGS_USDT": {
      "buy_price": "0.00015263",
      "sell_price": "0.00015402",
      "last_trade": "0.00015284",
      "high": "0.00015341",
      "low": "0.00014105",
      "avg": "0.00014685",
      "vol": "5396232.28923451",
      "vol_curr": "824.76014308",
      "updated": 1754743931
    },
    "DOT_BTC": {
      "buy_price": "0.00003518",
      "sell_price": "0.00003558",
      "last_trade": "0.00003538",
      "high": "0.00003546",
      "low": "0.00003327",
      "avg": "0.00003432",
      "vol": "963.38668739",
      "vol_curr": "0.03408462",
      "updated": 1754743959
    },
    "DOT_USD": {
      "buy_price": "3.765",
      "sell_price": "4.2499",
      "last_trade": "4.0114",
      "high": "4.0186",
      "low": "3.7706",
      "avg": "3.90024715",
      "vol": "1105.48264994",
      "vol_curr": "4434.533102",
      "updated": 1754743971
    },
    "DOT_USDC": {
      "buy_price": "4.135",
      "sell_price": "4.1404",
      "last_trade": "4.135",
      "high": "4.142",
      "low": "3.867",
      "avg": "4.00154032",
      "vol": "2413.66583748",
      "vol_curr": "9980.50823799",
      "updated": 1754743972
    },
    "DOT_USDT": {
      "buy_price": "4.135",
      "sell_price": "4.1367",
      "last_trade": "4.1309",
      "high": "4.1407",
      "low": "3.8608",
      "avg": "4.00244478",
      "vol": "114845.10651499",
      "vol_curr": "474873.03092885",
      "updated": 1754743972
    },
    "ENA_USDC": {
      "buy_price": "0.52043855",
      "sell_price": "0.75764527",
      "last_trade": "0.6399",
      "high": "0.75135765",
      "low": "0.6111",
      "avg": "0.66764682",
      "vol": "27328.52352116",
      "vol_curr": "17487.52220119",
      "updated": 1754743972
    },
    "ENA_USDT": {
      "buy_price": "0.70000009",
      "sell_price": "0.748",
      "last_trade": "0.723",
      "high": "0.748",
      "low": "0.6155",
      "avg": "0.67208621",
      "vol": "40574.56786383",
      "vol_curr": "29335.41256555",
      "updated": 1754743963
    },
    "ETC_BTC": {
      "buy_price": "0.00020033",
      "sell_price": "0.00020348",
      "last_trade": "0.0002019",
      "high": "0.00020432",
      "low": "0.00018031",
      "avg": "0.00019548",
      "vol": "1053.11045796",
      "vol_curr": "0.212623",
      "updated": 1754743969
    },
    "ETC_USD": {
      "buy_price": "21.007057",
      "sell_price": "23.72",
      "last_trade": "22.377031",
      "high": "23.45",
      "low": "20.876555",
      "avg": "21.60893839",
      "vol": "24444.30105304",
      "vol_curr": "548582.0108815",
      "updated": 1754743972
    },
    "ETC_USDC": {
      "buy_price": "23.448845",
      "sell_price": "23.601419",
      "last_trade": "23.523762",
      "high": "23.64647",
      "low": "21.495189",
      "avg": "22.70734648",
      "vol": "12443.19102615",
      "vol_curr": "292710.66421987",
      "updated": 1754743972
    },
    "ETC_USDT": {
      "buy_price": "23.523945",
      "sell_price": "23.56",
      "last_trade": "23.536973",
      "high": "23.627199",
      "low": "21.46646",
      "avg": "22.71904665",
      "vol": "39133.31524393",
      "vol_curr": "920508.39876121",
      "updated": 1754743969
    },
    "ETH_BTC": {
      "buy_price": "0.03576482",
      "sell_price": "0.03586064",
      "last_trade": "0.03581273",
      "high": "0.03609485",
      "low": "0.0334144",
      "avg": "0.03484268",
      "vol": "512.94937906",
      "vol_curr": "18.3656293",
      "updated": 1754743961
    },
    "ETH_DAI": {
      "buy_price": "4189.5889",
      "sell_price": "4197.74",
      "last_trade": "4191.9",
      "high": "4236.788",
      "low": "3888.999",
      "avg": "4068.39275673",
      "vol": "26.07334004",
      "vol_curr": "109296.83414758",
      "updated": 1754743972
    },
    "ETH_EUR": {
      "buy_price": "3570.6688",
      "sell_price": "3618.5656",
      "last_trade": "3592.8938",
      "high": "3624.3915",
      "low": "3346.2596",
      "avg": "3490.29891463",
      "vol": "97.59392932",
      "vol_curr": "350644.62359482",
      "updated": 1754743957
    },
    "ETH_GBP": {
      "buy_price": "3098.3206",
      "sell_price": "3241.5792",
      "last_trade": "3166.1381",
      "high": "3196.9738",
      "low": "2943.6062",
      "avg": "3071.45304851",
      "vol": "12.12266819",
      "vol_curr": "38382.04165459",
      "updated": 1754743970
    },
    "ETH_LTC": {
      "buy_price": "33.333914",
      "sell_price": "33.497513",
      "last_trade": "33.418561",
      "high": "33.81143",
      "low": "31.88147",
      "avg": "32.8060563",
      "vol": "54.5580053",
      "vol_curr": "1823.25002841",
      "updated": 1754743957
    },
    "ETH_PLN": {
      "buy_price": "12218.9264",
      "sell_price": "15486.7129",
      "last_trade": "13917.1683",
      "high": "15264.5349",
      "low": "12731.9614",
      "avg": "14559.30761278",
      "vol": "10.67158142",
      "vol_curr": "148518.19465128",
      "updated": 1754743972
    },
    "ETH_UAH": {
      "buy_price": "172000",
      "sell_price": "172271",
      "last_trade": "172127.821",
      "high": "172483.7544",
      "low": "160459.4045",
      "avg": "166384.5762716",
      "vol": "22.61423933",
      "vol_curr": "3892539.73953244",
      "updated": 1754743966
    },
    "ETH_USD": {
      "buy_price": "4100.3686",
      "sell_price": "4233.8153",
      "last_trade": "4163.973",
      "high": "4233.8366",
      "low": "3905.4095",
      "avg": "4058.79175582",
      "vol": "170.02084056",
      "vol_curr": "708959.95684675",
      "updated": 1754743971
    },
    "ETH_USDC": {
      "buy_price": "4190.9201",
      "sell_price": "4197.74",
      "last_trade": "4193.9901",
      "high": "4241.206",
      "low": "3892.9574",
      "avg": "4072.3556569",
      "vol": "40.14963652",
      "vol_curr": "168387.17811025",
      "updated": 1754743967
    },
    "ETH_USDT": {
      "buy_price": "4195.4914",
      "sell_price": "4197.74",
      "last_trade": "4196.6157",
      "high": "4241.7302",
      "low": "3888.7038",
      "avg": "4075.78931349",
      "vol": "1831.39661798",
      "vol_curr": "7683109.70515017",
      "updated": 1754743972
    },
    "EUL_BTC": {
      "buy_price": "0.00000001",
      "sell_price": "0.001",
      "last_trade": "0.00010059",
      "high": "0.00010059",
      "low": "0.00010059",
      "avg": "0.00010059",
      "vol": "2",
      "vol_curr": "0.00020118",
      "updated": 1754628600
    },
    "EUROE_USDT": {
      "buy_price": "1.014118",
      "sell_price": "1.15",
      "last_trade": "1.078",
      "high": "1.078",
      "low": "1.078",
      "avg": "1.078",
      "vol": "21.89239331",
      "vol_curr": "23.59999998",
      "updated": 1754724485
    },
    "EURT_USDT": {
      "buy_price": "1.1075042",
      "sell_price": "1.15599999",
      "last_trade": "1.13173646",
      "high": "1.13318272",
      "low": "1.13028269",
      "avg": "1.13172885",
      "vol": "69209.62289708",
      "vol_curr": "78327.05361548",
      "updated": 1754743956
    },
    "EXM_USDC": {
      "buy_price": "0.006354",
      "sell_price": "0.00642",
      "last_trade": "0.006387",
      "high": "0.006443",
      "low": "0.006371",
      "avg": "0.00639751",
      "vol": "868015.3134085",
      "vol_curr": "5544.01380674",
      "updated": 1754743971
    },
    "EXM_USDT": {
      "buy_price": "0.006369",
      "sell_price": "0.006434",
      "last_trade": "0.006401",
      "high": "0.006442",
      "low": "0.006345",
      "avg": "0.00640267",
      "vol": "30421803.519875",
      "vol_curr": "194760.38613423",
      "updated": 1754743964
    },
    "FARTCOIN_USDT": {
      "buy_price": "1.1283",
      "sell_price": "1.12962428",
      "last_trade": "1.09573",
      "high": "1.1123",
      "low": "0.99100418",
      "avg": "1.06068587",
      "vol": "4391.45644294",
      "vol_curr": "4811.85056822",
      "updated": 1754743972
    },
    "FLOKI_USDC": {
      "buy_price": "0.00012274",
      "sell_price": "0.00012353",
      "last_trade": "0.00012243",
      "high": "0.00012275",
      "low": "0.00011459",
      "avg": "0.00011902",
      "vol": "81081214.21780037",
      "vol_curr": "9926.77305668",
      "updated": 1754743971
    },
    "FLOKI_USDT": {
      "buy_price": "0.00012256",
      "sell_price": "0.00012319",
      "last_trade": "0.00012231",
      "high": "0.00012277",
      "low": "0.00011472",
      "avg": "0.00011892",
      "vol": "104880110.87219439",
      "vol_curr": "12827.88636077",
      "updated": 1754743971
    },
    "GAS_BTC": {
      "buy_price": "0.00002953",
      "sell_price": "0.00003064",
      "last_trade": "0.00003009",
      "high": "0.00003009",
      "low": "0.00002819",
      "avg": "0.00002922",
      "vol": "11827.76603523",
      "vol_curr": "0.35589748",
      "updated": 1754743972
    },
    "GAS_USD": {
      "buy_price": "3.201868",
      "sell_price": "3.499606",
      "last_trade": "3.348962",
      "high": "3.359297",
      "low": "3.341312",
      "avg": "3.35020282",
      "vol": "1778.12990213",
      "vol_curr": "5954.8894733",
      "updated": 1754743971
    },
    "GAS_USDT": {
      "buy_price": "3.452",
      "sell_price": "3.464482",
      "last_trade": "3.458241",
      "high": "3.491681",
      "low": "3.262515",
      "avg": "3.35919595",
      "vol": "120420.36151599",
      "vol_curr": "416382.42124866",
      "updated": 1754743968
    },
    "GME_USDT": {
      "buy_price": "0.00150001",
      "sell_price": "0.00161",
      "last_trade": "0.00156",
      "high": "0.0016",
      "low": "0.00149",
      "avg": "0.00149683",
      "vol": "1946764.09230769",
      "vol_curr": "3036.951984",
      "updated": 1754743925
    },
    "GOAT_USDT": {
      "buy_price": "0.10892",
      "sell_price": "0.10916295",
      "last_trade": "0.108697",
      "high": "0.108697",
      "low": "0.097418",
      "avg": "0.10244501",
      "vol": "94383.37666097",
      "vol_curr": "10259.18989291",
      "updated": 1754743970
    },
    "GRAM_USDT": {
      "buy_price": "0.00339001",
      "sell_price": "0.0036",
      "last_trade": "0.0035",
      "high": "0.0035",
      "low": "0.00349",
      "avg": "0.00349494",
      "vol": "1600614.17428571",
      "vol_curr": "5602.14961",
      "updated": 1754743925
    },
    "GRIFFAIN_BTC": {
      "buy_price": "0.00000001",
      "sell_price": "0.001",
      "last_trade": "0.00000034",
      "high": "0.00000034",
      "low": "0.00000031",
      "avg": "0.00000032",
      "vol": "207",
      "vol_curr": "0.00007038",
      "updated": 1754743908
    },
    "GRT_USDC": {
      "buy_price": "0.1009",
      "sell_price": "0.10162906",
      "last_trade": "0.1013",
      "high": "0.1037",
      "low": "0.0822",
      "avg": "0.09665666",
      "vol": "68029.88690415",
      "vol_curr": "6877.82156601",
      "updated": 1754743970
    },
    "GRT_USDT": {
      "buy_price": "0.1009",
      "sell_price": "0.10101196",
      "last_trade": "0.101",
      "high": "0.1053",
      "low": "0.0931",
      "avg": "0.09645523",
      "vol": "131849.66140976",
      "vol_curr": "13290.4458701",
      "updated": 1754743952
    },
    "HMSTR_USDC": {
      "buy_price": "0.000795",
      "sell_price": "0.00079754",
      "last_trade": "0.000794",
      "high": "0.000923",
      "low": "0.000741",
      "avg": "0.00076709",
      "vol": "4118185.60246851",
      "vol_curr": "3269.83936836",
      "updated": 1754743972
    },
    "HMSTR_USDT": {
      "buy_price": "0.000795",
      "sell_price": "0.00079748",
      "last_trade": "0.000793",
      "high": "0.000796",
      "low": "0.000742",
      "avg": "0.00076786",
      "vol": "4239684.94102391",
      "vol_curr": "3362.07015823",
      "updated": 1754743971
    },
    "HTX100K_USDC": {
      "buy_price": "0.220465",
      "sell_price": "0.222591",
      "last_trade": "0.221637",
      "high": "0.22767",
      "low": "0.198991",
      "avg": "0.22494346",
      "vol": "800035.72319878",
      "vol_curr": "177317.51758261",
      "updated": 1754743972
    },
    "HTX100K_USDT": {
      "buy_price": "0.22062647",
      "sell_price": "0.22247839",
      "last_trade": "0.221552",
      "high": "0.227629",
      "low": "0.220979",
      "avg": "0.22547631",
      "vol": "3531534.634712",
      "vol_curr": "782418.56138971",
      "updated": 1754743957
    },
    "IMX_USDC": {
      "buy_price": "0.5853",
      "sell_price": "0.58626115",
      "last_trade": "0.5856",
      "high": "0.5856",
      "low": "0.5333",
      "avg": "0.55775222",
      "vol": "55863.93916299",
      "vol_curr": "32713.92277385",
      "updated": 1754743958
    },
    "IMX_USDT": {
      "buy_price": "0.5853",
      "sell_price": "0.58571185",
      "last_trade": "0.5853",
      "high": "0.5853",
      "low": "0.5329",
      "avg": "0.55776952",
      "vol": "55274.25183246",
      "vol_curr": "32352.01959754",
      "updated": 1754743957
    },
    "JST_USDC": {
      "buy_price": "0.03369984",
      "sell_price": "0.03397248",
      "last_trade": "0.03384",
      "high": "0.03397248",
      "low": "0.03305",
      "avg": "0.03340664",
      "vol": "1859457.95613288",
      "vol_curr": "62924.05723553",
      "updated": 1754743966
    },
    "JST_USDT": {
      "buy_price": "0.03367619",
      "sell_price": "0.03403329",
      "last_trade": "0.03385",
      "high": "0.03458",
      "low": "0.03305",
      "avg": "0.03341803",
      "vol": "22921855.42501739",
      "vol_curr": "775904.80613683",
      "updated": 1754743963
    },
    "JUP_USDC": {
      "buy_price": "0.5328",
      "sell_price": "0.53513794",
      "last_trade": "0.5333",
      "high": "0.534",
      "low": "0.4864",
      "avg": "0.50667377",
      "vol": "15179.10398134",
      "vol_curr": "8095.01615325",
      "updated": 1754743962
    },
    "JUP_USDT": {
      "buy_price": "0.5328",
      "sell_price": "0.53504797",
      "last_trade": "0.5331",
      "high": "0.5339",
      "low": "0.4862",
      "avg": "0.50665065",
      "vol": "15522.77058195",
      "vol_curr": "8275.18899723",
      "updated": 1754743965
    },
    "KAS_USDT": {
      "buy_price": "0.09676862",
      "sell_price": "0.09731123",
      "last_trade": "0.09704582",
      "high": "0.09704582",
      "low": "0.08974912",
      "avg": "0.09381229",
      "vol": "301458.21594027",
      "vol_curr": "29255.25976166",
      "updated": 1754743941
    },
    "KMNO_USDT": {
      "buy_price": "0.05468658",
      "sell_price": "0.0551058",
      "last_trade": "0.0549",
      "high": "0.054941",
      "low": "0.050986",
      "avg": "0.05293041",
      "vol": "1125591.24123758",
      "vol_curr": "61794.95914394",
      "updated": 1754743957
    },
    "LAYER_USDT": {
      "buy_price": "0.6519",
      "sell_price": "0.65331055",
      "last_trade": "0.65214",
      "high": "0.65471",
      "low": "0.61793",
      "avg": "0.63786763",
      "vol": "38426.26525322",
      "vol_curr": "25059.30462223",
      "updated": 1754743970
    },
    "LDO_USDC": {
      "buy_price": "1.18",
      "sell_price": "1.18214729",
      "last_trade": "1.1797",
      "high": "1.1937",
      "low": "1.0906",
      "avg": "1.14027475",
      "vol": "28067.46683874",
      "vol_curr": "33111.19062966",
      "updated": 1754743972
    },
    "LDO_USDT": {
      "buy_price": "1.18",
      "sell_price": "1.18203015",
      "last_trade": "1.18",
      "high": "1.1957",
      "low": "1.09",
      "avg": "1.14010105",
      "vol": "68012.21231971",
      "vol_curr": "80254.41053726",
      "updated": 1754743957
    },
    "LINK_BTC": {
      "buy_price": "0.00017948",
      "sell_price": "0.00018104",
      "last_trade": "0.00018026",
      "high": "0.00018282",
      "low": "0.00015801",
      "avg": "0.00017307",
      "vol": "4311.68815409",
      "vol_curr": "0.7772249",
      "updated": 1754743971
    },
    "LINK_USDC": {
      "buy_price": "21.096",
      "sell_price": "21.132",
      "last_trade": "21.1052",
      "high": "21.45",
      "low": "19.0979",
      "avg": "20.20963604",
      "vol": "290.83161653",
      "vol_curr": "6138.0594332",
      "updated": 1754743969
    },
    "LINK_USDT": {
      "buy_price": "21.096",
      "sell_price": "21.1166",
      "last_trade": "21.1028",
      "high": "21.4679",
      "low": "19.0799",
      "avg": "20.19200673",
      "vol": "108791.64928862",
      "vol_curr": "2295699.62495876",
      "updated": 1754743968
    },
    "LTC_BTC": {
      "buy_price": "0.00106889",
      "sell_price": "0.00107613",
      "last_trade": "0.00107251",
      "high": "0.00108322",
      "low": "0.0010415",
      "avg": "0.00106279",
      "vol": "116.13340678",
      "vol_curr": "0.12455424",
      "updated": 1754743957
    },
    "LTC_EUR": {
      "buy_price": "106.813242",
      "sell_price": "108.714213",
      "last_trade": "107.742862",
      "high": "108.415277",
      "low": "102.997913",
      "avg": "106.49246363",
      "vol": "2537.0294354",
      "vol_curr": "273310.771309",
      "updated": 1754743957
    },
    "LTC_USD": {
      "buy_price": "123.833146",
      "sell_price": "125.4",
      "last_trade": "124.624912",
      "high": "125.4",
      "low": "122.58017",
      "avg": "123.64285705",
      "vol": "829.31301247",
      "vol_curr": "103353.0612",
      "updated": 1754743953
    },
    "LTC_USDC": {
      "buy_price": "125.362949",
      "sell_price": "125.646966",
      "last_trade": "125.5818",
      "high": "126.081905",
      "low": "120.7366",
      "avg": "124.04750648",
      "vol": "975.99014697",
      "vol_curr": "122566.59943999",
      "updated": 1754743954
    },
    "LTC_USDT": {
      "buy_price": "125.53",
      "sell_price": "125.633936",
      "last_trade": "125.581968",
      "high": "126.27997",
      "low": "120.602941",
      "avg": "124.01489052",
      "vol": "2935.02458805",
      "vol_curr": "368441.4525094",
      "updated": 1754743960
    },
    "MANA_USDC": {
      "buy_price": "0.3152",
      "sell_price": "0.31618089",
      "last_trade": "0.31561338",
      "high": "0.31628033",
      "low": "0.29458867",
      "avg": "0.30643171",
      "vol": "60206.72184791",
      "vol_curr": "19002.04698114",
      "updated": 1754743956
    },
    "MANA_USDT": {
      "buy_price": "0.3152",
      "sell_price": "0.31584865",
      "last_trade": "0.31554052",
      "high": "0.31625815",
      "low": "0.29459816",
      "avg": "0.30592241",
      "vol": "21200.7872901",
      "vol_curr": "6689.70744592",
      "updated": 1754743957
    },
    "MANEKI_USDT": {
      "buy_price": "0.00124",
      "sell_price": "0.00129997",
      "last_trade": "0.00126847",
      "high": "0.00175",
      "low": "0.00117913",
      "avg": "0.00132686",
      "vol": "3121591.07203751",
      "vol_curr": "3959.64462714",
      "updated": 1754743957
    },
    "MELANIA_USDC": {
      "buy_price": "0.22986937",
      "sell_price": "0.23107346",
      "last_trade": "0.23",
      "high": "0.23",
      "low": "0.178",
      "avg": "0.22233359",
      "vol": "6297.43217391",
      "vol_curr": "1448.4094",
      "updated": 1754743941
    },
    "MELANIA_USDT": {
      "buy_price": "0.23006021",
      "sell_price": "0.23140147",
      "last_trade": "0.23",
      "high": "0.234",
      "low": "0.21309261",
      "avg": "0.22257245",
      "vol": "6322.66746593",
      "vol_curr": "1454.21351716",
      "updated": 1754743957
    },
    "MKR_USDT": {
      "buy_price": "2095.92448719",
      "sell_price": "2097.5",
      "last_trade": "2096.7122436",
      "high": "2107.491886",
      "low": "1986.76398364",
      "avg": "2045.02455278",
      "vol": "73.17471564",
      "vol_curr": "153466.56831761",
      "updated": 1754743970
    },
    "MOVE_BTC": {
      "buy_price": "0.00000001",
      "sell_price": "0.001",
      "last_trade": "0.00000123",
      "high": "0.00000123",
      "low": "0.00000119",
      "avg": "0.00000121",
      "vol": "216.52845528",
      "vol_curr": "0.00026633",
      "updated": 1754743892
    },
    "MOVE_USDT": {
      "buy_price": "0.14383",
      "sell_price": "0.14416765",
      "last_trade": "0.14397",
      "high": "0.14439",
      "low": "0.13781",
      "avg": "0.14156629",
      "vol": "202370.34712508",
      "vol_curr": "29115.02184088",
      "updated": 1754743971
    },
    "NEAR_BTC": {
      "buy_price": "0.00002404",
      "sell_price": "0.00002427",
      "last_trade": "0.00002416",
      "high": "0.00002464",
      "low": "0.00002239",
      "avg": "0.00002345",
      "vol": "1554.50645695",
      "vol_curr": "0.03755687",
      "updated": 1754743960
    },
    "NEAR_USD": {
      "buy_price": "2.7276",
      "sell_price": "2.9437",
      "last_trade": "2.8412",
      "high": "2.8629",
      "low": "2.6446",
      "avg": "2.72082632",
      "vol": "46967.92773331",
      "vol_curr": "133877.38121105",
      "updated": 1754743968
    },
    "NEAR_USDC": {
      "buy_price": "2.823",
      "sell_price": "2.833",
      "last_trade": "2.829",
      "high": "2.902",
      "low": "2.623",
      "avg": "2.73899187",
      "vol": "8521.42496041",
      "vol_curr": "24107.111213",
      "updated": 1754743970
    },
    "NEAR_USDT": {
      "buy_price": "2.8231",
      "sell_price": "2.8293",
      "last_trade": "2.8257",
      "high": "2.8395",
      "low": "2.6221",
      "avg": "2.73624352",
      "vol": "166152.81363637",
      "vol_curr": "469581.08189911",
      "updated": 1754743970
    },
    "NEO_BTC": {
      "buy_price": "0.0000568",
      "sell_price": "0.000057",
      "last_trade": "0.0000569",
      "high": "0.00005694",
      "low": "0.00005272",
      "avg": "0.00005556",
      "vol": "2600.74963332",
      "vol_curr": "0.14806067",
      "updated": 1754743957
    },
    "NEO_USD": {
      "buy_price": "6.004749",
      "sell_price": "6.71",
      "last_trade": "6.337295",
      "high": "6.65",
      "low": "6.146338",
      "avg": "6.31638414",
      "vol": "73140.05218188",
      "vol_curr": "463510.08699199",
      "updated": 1754743972
    },
    "NEO_USDT": {
      "buy_price": "6.672",
      "sell_price": "6.681261",
      "last_trade": "6.676234",
      "high": "6.681539",
      "low": "6.252379",
      "avg": "6.48164589",
      "vol": "23903.12745282",
      "vol_curr": "159604.3133122",
      "updated": 1754743970
    },
    "NFT1M_USDC": {
      "buy_price": "0.47230234",
      "sell_price": "0.47714496",
      "last_trade": "0.47472365",
      "high": "0.47717737",
      "low": "0.44583767",
      "avg": "0.47539552",
      "vol": "186840.18443393",
      "vol_curr": "88697.45432115",
      "updated": 1754743941
    },
    "NFT1M_USDT": {
      "buy_price": "0.4723785",
      "sell_price": "0.4852",
      "last_trade": "0.4788",
      "high": "0.4798",
      "low": "0.4746",
      "avg": "0.47583107",
      "vol": "1011382.38320802",
      "vol_curr": "484249.88508",
      "updated": 1754743970
    },
    "NOT_USDC": {
      "buy_price": "0.002334",
      "sell_price": "0.00234062",
      "last_trade": "0.0023276",
      "high": "0.0023347",
      "low": "0.0021683",
      "avg": "0.00226187",
      "vol": "40785677.50033932",
      "vol_curr": "94932.74294978",
      "updated": 1754743958
    },
    "NOT_USDT": {
      "buy_price": "0.002334",
      "sell_price": "0.00233937",
      "last_trade": "0.00233",
      "high": "0.00233",
      "low": "0.00216749",
      "avg": "0.00226355",
      "vol": "8337883.09439623",
      "vol_curr": "19427.26760994",
      "updated": 1754743957
    },
    "OM_USDC": {
      "buy_price": "0.2848302",
      "sell_price": "0.2856",
      "last_trade": "0.2847",
      "high": "0.2882",
      "low": "0.272",
      "avg": "0.27982229",
      "vol": "8955.2360168",
      "vol_curr": "2549.55569398",
      "updated": 1754743968
    },
    "OM_USDT": {
      "buy_price": "0.2856",
      "sell_price": "0.28661702",
      "last_trade": "0.2852",
      "high": "0.2889",
      "low": "0.2708",
      "avg": "0.28039118",
      "vol": "10675.2170725",
      "vol_curr": "3048.8419959",
      "updated": 1754743966
    },
    "ONDO_USDC": {
      "buy_price": "1.0561",
      "sell_price": "1.06138402",
      "last_trade": "1.0569",
      "high": "1.0584",
      "low": "1.0054",
      "avg": "1.03024782",
      "vol": "3732.55173675",
      "vol_curr": "3944.93393057",
      "updated": 1754743970
    },
    "ONDO_USDT": {
      "buy_price": "1.0561",
      "sell_price": "1.0603",
      "last_trade": "1.057",
      "high": "1.0592",
      "low": "1.0029",
      "avg": "1.02976486",
      "vol": "17184.32885627",
      "vol_curr": "18163.83560107",
      "updated": 1754743971
    },
    "ONE_BTC": {
      "buy_price": "0.00000009",
      "sell_price": "0.0000001",
      "last_trade": "0.00000009",
      "high": "0.00000009",
      "low": "0.00000009",
      "avg": "0.00000009",
      "vol": "253.68414437",
      "vol_curr": "0.00002283",
      "updated": 1754673612
    },
    "ONE_USDT": {
      "buy_price": "0.01151636",
      "sell_price": "0.01158",
      "last_trade": "0.0115232",
      "high": "0.0115466",
      "low": "0.0107386",
      "avg": "0.0111669",
      "vol": "17620.27941948",
      "vol_curr": "203.0420038",
      "updated": 1754743932
    },
    "OP_USDC": {
      "buy_price": "0.79526358",
      "sell_price": "0.7967",
      "last_trade": "0.7955",
      "high": "0.8",
      "low": "0.728",
      "avg": "0.76777524",
      "vol": "40605.97701703",
      "vol_curr": "32302.05471704",
      "updated": 1754743949
    },
    "OP_USDT": {
      "buy_price": "0.7966",
      "sell_price": "0.79803581",
      "last_trade": "0.7973",
      "high": "0.8013",
      "low": "0.7285",
      "avg": "0.7685477",
      "vol": "40569.23454851",
      "vol_curr": "32301.22454752",
      "updated": 1754743972
    },
    "PENGU_USDC": {
      "buy_price": "0.038812",
      "sell_price": "0.03887982",
      "last_trade": "0.0386",
      "high": "0.03898",
      "low": "0.03615",
      "avg": "0.0375711",
      "vol": "836615.67906233",
      "vol_curr": "32293.3652118",
      "updated": 1754743972
    },
    "PENGU_USDT": {
      "buy_price": "0.03871442",
      "sell_price": "0.03886589",
      "last_trade": "0.03879",
      "high": "0.03894",
      "low": "0.0362",
      "avg": "0.03755221",
      "vol": "797979.58804957",
      "vol_curr": "30841.91107811",
      "updated": 1754743972
    },
    "PEPE_USDC": {
      "buy_price": "0.00001253",
      "sell_price": "0.00001261",
      "last_trade": "0.00001254",
      "high": "0.00001262",
      "low": "0.00001105",
      "avg": "0.00001186",
      "vol": "871212205.26028708",
      "vol_curr": "10925.00105396",
      "updated": 1754743962
    },
    "PEPE_USDT": {
      "buy_price": "0.00001257",
      "sell_price": "0.00001259",
      "last_trade": "0.0000126",
      "high": "0.00001266",
      "low": "0.0000111",
      "avg": "0.00001188",
      "vol": "1492493083.33949348",
      "vol_curr": "18730.78819591",
      "updated": 1754743968
    },
    "POL_USDC": {
      "buy_price": "0.2494",
      "sell_price": "0.24980243",
      "last_trade": "0.24964263",
      "high": "0.25209959",
      "low": "0.23862772",
      "avg": "0.2465636",
      "vol": "49414.63690932",
      "vol_curr": "12335.99991854",
      "updated": 1754743969
    },
    "POL_USDT": {
      "buy_price": "0.2494",
      "sell_price": "0.2501158",
      "last_trade": "0.24937696",
      "high": "0.25169008",
      "low": "0.23878188",
      "avg": "0.24653104",
      "vol": "24361.66660607",
      "vol_curr": "6075.23835875",
      "updated": 1754743972
    },
    "PUMP_USDT": {
      "buy_price": "0.00335",
      "sell_price": "0.003369",
      "last_trade": "0.003358",
      "high": "0.003472",
      "low": "0.003296",
      "avg": "0.00337611",
      "vol": "10115622.16149122",
      "vol_curr": "33968.25921828",
      "updated": 1754743963
    },
    "QTUM_ETH": {
      "buy_price": "0.00053046",
      "sell_price": "0.00053811",
      "last_trade": "0.00053424",
      "high": "0.00055346",
      "low": "0.00052166",
      "avg": "0.00054043",
      "vol": "210025.93463453",
      "vol_curr": "112.20425531",
      "updated": 1754743957
    },
    "QTUM_USD": {
      "buy_price": "2.10201",
      "sell_price": "2.315602",
      "last_trade": "2.202931",
      "high": "2.226194",
      "low": "2.156067",
      "avg": "2.18967438",
      "vol": "223694.37805877",
      "vol_curr": "492783.2799514",
      "updated": 1754743971
    },
    "QTUM_USDT": {
      "buy_price": "2.24",
      "sell_price": "2.247656",
      "last_trade": "2.243828",
      "high": "2.25548",
      "low": "2.124792",
      "avg": "2.19815492",
      "vol": "6321.44807833",
      "vol_curr": "14181.08147466",
      "updated": 1754743970
    },
    "RENDER_USDC": {
      "buy_price": "4.020116",
      "sell_price": "4.03243435",
      "last_trade": "4.0224",
      "high": "4.0263",
      "low": "3.7833",
      "avg": "3.90014375",
      "vol": "32912.59428226",
      "vol_curr": "132387.619241",
      "updated": 1754743941
    },
    "RENDER_USDT": {
      "buy_price": "4.028",
      "sell_price": "4.03260846",
      "last_trade": "4.0249",
      "high": "4.1496",
      "low": "3.7838",
      "avg": "3.90313977",
      "vol": "32840.55910886",
      "vol_curr": "132173.39824545",
      "updated": 1754743967
    },
    "RIF_BTC": {
      "buy_price": "0.00000001",
      "sell_price": "0.01",
      "last_trade": "0.00000002",
      "high": "0.00000002",
      "low": "0.00000002",
      "avg": "0.00000002",
      "vol": "216",
      "vol_curr": "0.00000432",
      "updated": 1754743681
    },
    "RSR_USDT": {
      "buy_price": "0.00884",
      "sell_price": "0.008862",
      "last_trade": "0.00883",
      "high": "0.008931",
      "low": "0.008079",
      "avg": "0.00851413",
      "vol": "8032862.26545962",
      "vol_curr": "70930.173804",
      "updated": 1754743971
    },
    "SAND_USDC": {
      "buy_price": "0.304",
      "sell_price": "0.30573816",
      "last_trade": "0.3047",
      "high": "0.305",
      "low": "0.2839",
      "avg": "0.29385936",
      "vol": "41908.65974398",
      "vol_curr": "12769.56862399",
      "updated": 1754743957
    },
    "SAND_USDT": {
      "buy_price": "0.304",
      "sell_price": "0.30463375",
      "last_trade": "0.3043",
      "high": "0.3043",
      "low": "0.2828",
      "avg": "0.29326491",
      "vol": "41100.03333107",
      "vol_curr": "12486.19012598",
      "updated": 1754743953
    },
    "SHIB_USD": {
      "buy_price": "0.00001356",
      "sell_price": "0.000014",
      "last_trade": "0.00001377",
      "high": "0.00001388",
      "low": "0.00001282",
      "avg": "0.00001324",
      "vol": "64462062.46682001",
      "vol_curr": "887.64260016",
      "updated": 1754743968
    },
    "SHIB_USDC": {
      "buy_price": "0.00001163",
      "sell_price": "0.00001405",
      "last_trade": "0.00001282",
      "high": "0.00001418",
      "low": "0.00001252",
      "avg": "0.00001346",
      "vol": "75300740.19103665",
      "vol_curr": "965.35548924",
      "updated": 1754743972
    },
    "SHIB_USDT": {
      "buy_price": "0.00001405",
      "sell_price": "0.00001407",
      "last_trade": "0.00001405",
      "high": "0.00001403",
      "low": "0.00001279",
      "avg": "0.00001345",
      "vol": "566242229.67163754",
      "vol_curr": "7944.37848229",
      "updated": 1754743969
    },
    "SKY_USDT": {
      "buy_price": "0.08581",
      "sell_price": "0.096",
      "last_trade": "0.0909",
      "high": "0.0909",
      "low": "0.08299",
      "avg": "0.08542203",
      "vol": "800287.92556392",
      "vol_curr": "72746.17243376",
      "updated": 1754743957
    },
    "SOL_BTC": {
      "buy_price": "0.00154616",
      "sell_price": "0.0015583",
      "last_trade": "0.00155222",
      "high": "0.00156104",
      "low": "0.00143202",
      "avg": "0.00153089",
      "vol": "871.02692292",
      "vol_curr": "1.35202541",
      "updated": 1754743972
    },
    "SOL_USDC": {
      "buy_price": "181.443807",
      "sell_price": "182.11567",
      "last_trade": "181.7575",
      "high": "183.1545",
      "low": "174.3972",
      "avg": "178.4226823",
      "vol": "571.56260248",
      "vol_curr": "103770.1626063",
      "updated": 1754743970
    },
    "SOL_USDT": {
      "buy_price": "181.85",
      "sell_price": "181.975091",
      "last_trade": "181.637684",
      "high": "183.289645",
      "low": "174.415008",
      "avg": "178.72758192",
      "vol": "1527.92958359",
      "vol_curr": "277529.59087897",
      "updated": 1754743970
    },
    "SUI_BTC": {
      "buy_price": "0.0000337",
      "sell_price": "0.00003386",
      "last_trade": "0.00003378",
      "high": "0.00003484",
      "low": "0.00003127",
      "avg": "0.00003321",
      "vol": "125404.74245115",
      "vol_curr": "4.2361722",
      "updated": 1754743965
    },
    "SUI_USDC": {
      "buy_price": "3.95154136",
      "sell_price": "3.96186545",
      "last_trade": "3.952",
      "high": "3.978",
      "low": "3.721",
      "avg": "3.86826961",
      "vol": "8976.25325813",
      "vol_curr": "35474.15287616",
      "updated": 1754743972
    },
    "SUI_USDT": {
      "buy_price": "3.9534954",
      "sell_price": "3.96281376",
      "last_trade": "3.96",
      "high": "3.9811",
      "low": "3.7201",
      "avg": "3.8702216",
      "vol": "47547.9344998",
      "vol_curr": "188109.13846813",
      "updated": 1754743972
    },
    "SUN_USDC": {
      "buy_price": "0.02202704",
      "sell_price": "0.02222537",
      "last_trade": "0.02217",
      "high": "0.02272",
      "low": "0.02205",
      "avg": "0.02244059",
      "vol": "1876448.91971132",
      "vol_curr": "41600.87255",
      "updated": 1754743967
    },
    "SUN_USDT": {
      "buy_price": "0.02207143",
      "sell_price": "0.02222328",
      "last_trade": "0.02214",
      "high": "0.0227",
      "low": "0.02205",
      "avg": "0.02244678",
      "vol": "15233895.31979646",
      "vol_curr": "337278.44238029",
      "updated": 1754743971
    },
    "TON_BTC": {
      "buy_price": "0.00002911",
      "sell_price": "0.00002923",
      "last_trade": "0.00002917",
      "high": "0.00002918",
      "low": "0.00002837",
      "avg": "0.00002879",
      "vol": "190079.93836652",
      "vol_curr": "5.5446318",
      "updated": 1754743970
    },
    "TON_USDC": {
      "buy_price": "3.419",
      "sell_price": "3.429867",
      "last_trade": "3.4246",
      "high": "3.4247",
      "low": "3.1574",
      "avg": "3.36014333",
      "vol": "86779.11702834",
      "vol_curr": "297192.44208697",
      "updated": 1754743953
    },
    "TON_USDT": {
      "buy_price": "3.419",
      "sell_price": "3.42",
      "last_trade": "3.419516",
      "high": "3.419505",
      "low": "3.311496",
      "avg": "3.35802063",
      "vol": "99358.4878612",
      "vol_curr": "339756.84603382",
      "updated": 1754743972
    },
    "TRAC_BTC": {
      "buy_price": "0.00000001",
      "sell_price": "0.0001",
      "last_trade": "0.00000451",
      "high": "0.00000451",
      "low": "0.00000451",
      "avg": "0.00000451",
      "vol": "2",
      "vol_curr": "0.00000902",
      "updated": 1748399097
    },
    "TRUMP_USDC": {
      "buy_price": "9.67",
      "sell_price": "9.67743604",
      "last_trade": "9.653",
      "high": "9.653",
      "low": "9.142",
      "avg": "9.42717024",
      "vol": "1451.40420068",
      "vol_curr": "14010.40474922",
      "updated": 1754743970
    },
    "TRUMP_USDT": {
      "buy_price": "9.67",
      "sell_price": "9.67825477",
      "last_trade": "9.659",
      "high": "9.659",
      "low": "9.1329617",
      "avg": "9.42717573",
      "vol": "10122.85083183",
      "vol_curr": "97776.61618466",
      "updated": 1754743970
    },
    "TRX_BTC": {
      "buy_price": "0.00000286",
      "sell_price": "0.00000291",
      "last_trade": "0.00000289",
      "high": "0.00000292",
      "low": "0.00000285",
      "avg": "0.00000289",
      "vol": "235085.823937",
      "vol_curr": "0.67939803",
      "updated": 1754743971
    },
    "TRX_EUR": {
      "buy_price": "0.28210239",
      "sell_price": "0.32735759",
      "last_trade": "0.30779313",
      "high": "0.30926303",
      "low": "0.29086639",
      "avg": "0.30187391",
      "vol": "2656962.71263072",
      "vol_curr": "817794.8696139",
      "updated": 1754743972
    },
    "TRX_USD": {
      "buy_price": "0.3350151",
      "sell_price": "0.34672629",
      "last_trade": "0.34094363",
      "high": "0.34385174",
      "low": "0.33958769",
      "avg": "0.34188436",
      "vol": "2883544.13005956",
      "vol_curr": "983154.838409",
      "updated": 1754743972
    },
    "TRX_USDC": {
      "buy_price": "0.33658",
      "sell_price": "0.33786297",
      "last_trade": "0.33724648",
      "high": "0.33988416",
      "low": "0.33608201",
      "avg": "0.33824942",
      "vol": "159163.61418506",
      "vol_curr": "53677.36862799",
      "updated": 1754743972
    },
    "TRX_USDT": {
      "buy_price": "0.33658001",
      "sell_price": "0.33685965",
      "last_trade": "0.33671983",
      "high": "0.33993534",
      "low": "0.33581312",
      "avg": "0.33806354",
      "vol": "1317181.78940424",
      "vol_curr": "443740.71020886",
      "updated": 1754743965
    },
    "UNI_BTC": {
      "buy_price": "0.00009532",
      "sell_price": "0.0000959",
      "last_trade": "0.00009559",
      "high": "0.00010401",
      "low": "0.00008846",
      "avg": "0.00009462",
      "vol": "4240.10355796",
      "vol_curr": "0.40518429",
      "updated": 1754743971
    },
    "UNI_USDT": {
      "buy_price": "11.196",
      "sell_price": "11.2044",
      "last_trade": "11.2002",
      "high": "11.3972",
      "low": "10.4886",
      "avg": "10.96633507",
      "vol": "31300.55510377",
      "vol_curr": "350209.3908341",
      "updated": 1754743971
    },
    "URO_BTC": {
      "buy_price": "0.00000001",
      "sell_price": "0.001",
      "last_trade": "0.00000004",
      "high": "0.00000004",
      "low": "0.00000004",
      "avg": "0.00000004",
      "vol": "2",
      "vol_curr": "0.00000008",
      "updated": 1747890109
    },
    "USDC_EUR": {
      "buy_price": "0.85285577",
      "sell_price": "0.8595499",
      "last_trade": "0.856604",
      "high": "0.862183",
      "low": "0.85209662",
      "avg": "0.85760931",
      "vol": "49492.92689104",
      "vol_curr": "42395.83914657",
      "updated": 1754743972
    },
    "USDC_PLN": {
      "buy_price": "3.632728",
      "sell_price": "3.658795",
      "last_trade": "3.6458",
      "high": "3.665688",
      "low": "3.592069",
      "avg": "3.64052776",
      "vol": "52577.59095355",
      "vol_curr": "191687.38109845",
      "updated": 1754743876
    },
    "USDC_USD": {
      "buy_price": "0.998",
      "sell_price": "1.011446",
      "last_trade": "1.004893",
      "high": "1.010681",
      "low": "0.998",
      "avg": "1.00600595",
      "vol": "307111.47647171",
      "vol_curr": "308573.32709972",
      "updated": 1754743972
    },
    "USDC_USDT": {
      "buy_price": "0.999348",
      "sell_price": "0.999349",
      "last_trade": "0.999348",
      "high": "0.999564",
      "low": "0.999114",
      "avg": "0.99938757",
      "vol": "64477.67909237",
      "vol_curr": "64435.6396456",
      "updated": 1754743945
    },
    "USDD_USDT": {
      "buy_price": "0.99999",
      "sell_price": "1.0007",
      "last_trade": "1.00035",
      "high": "1.00035",
      "low": "0.99998",
      "avg": "1.00003385",
      "vol": "301081.69926225",
      "vol_curr": "301187.077857",
      "updated": 1754743908
    },
    "USDQ_USDT": {
      "buy_price": "0.996836",
      "sell_price": "1.002028",
      "last_trade": "0.9994",
      "high": "1.0009",
      "low": "0.9945",
      "avg": "0.99965931",
      "vol": "79599.85412247",
      "vol_curr": "79552.09421",
      "updated": 1754743908
    },
    "USDR_USDT": {
      "buy_price": "0.951983",
      "sell_price": "1.002094",
      "last_trade": "0.977",
      "high": "0.9983",
      "low": "0.9761",
      "avg": "0.99693723",
      "vol": "87137.4816786",
      "vol_curr": "85133.3196",
      "updated": 1754743972
    },
    "USDT_BRL": {
      "buy_price": "2.000001",
      "sell_price": "8.999999",
      "last_trade": "5.51",
      "high": "5.71",
      "low": "5.29",
      "avg": "5.49363309",
      "vol": "13742.5437568",
      "vol_curr": "75721.4161",
      "updated": 1754743958
    },
    "USDT_DAI": {
      "buy_price": "0.999005",
      "sell_price": "1.003877",
      "last_trade": "1.001419",
      "high": "1.001908",
      "low": "0.999007",
      "avg": "1.00152061",
      "vol": "45659.01500424",
      "vol_curr": "45723.80514653",
      "updated": 1754743941
    },
    "USDT_EUR": {
      "buy_price": "0.85342305",
      "sell_price": "0.85962512",
      "last_trade": "0.856524",
      "high": "0.861957",
      "low": "0.85249316",
      "avg": "0.85752665",
      "vol": "186454.54024669",
      "vol_curr": "159702.78863026",
      "updated": 1754743972
    },
    "USDT_GBP": {
      "buy_price": "0.74000001",
      "sell_price": "0.77237445",
      "last_trade": "0.75656892",
      "high": "0.75792091",
      "low": "0.754737",
      "avg": "0.75599481",
      "vol": "54867.09404438",
      "vol_curr": "41510.7380847",
      "updated": 1754743935
    },
    "USDT_NGN": {
      "buy_price": "1216.09",
      "sell_price": "2111",
      "last_trade": "1682.8",
      "high": "1690.2",
      "low": "1636.84",
      "avg": "1664.49437956",
      "vol": "13820.62408063",
      "vol_curr": "23257346.2029",
      "updated": 1754743953
    },
    "USDT_PLN": {
      "buy_price": "3.270006",
      "sell_price": "3.685749",
      "last_trade": "3.481666",
      "high": "3.688979",
      "low": "3.27",
      "avg": "3.59280174",
      "vol": "43635.08815411",
      "vol_curr": "151230.31398417",
      "updated": 1754743968
    },
    "USDT_UAH": {
      "buy_price": "40.8",
      "sell_price": "40.800002",
      "last_trade": "40.800001",
      "high": "41.330529",
      "low": "40.570326",
      "avg": "40.97072168",
      "vol": "64559.35501544",
      "vol_curr": "2634021.74918935",
      "updated": 1754743972
    },
    "USDT_USD": {
      "buy_price": "1.001004",
      "sell_price": "1.007326",
      "last_trade": "1.001229",
      "high": "1.011795",
      "low": "1",
      "avg": "1.00194969",
      "vol": "59966.87655225",
      "vol_curr": "60040.57584353",
      "updated": 1754743971
    },
    "USD_DAI": {
      "buy_price": "0.989297",
      "sell_price": "1.004996",
      "last_trade": "0.997152",
      "high": "1.005",
      "low": "0.98471",
      "avg": "0.99191485",
      "vol": "72399.78143247",
      "vol_curr": "72199.81323616",
      "updated": 1754743971
    },
    "VIRTUAL_USDT": {
      "buy_price": "1.4184",
      "sell_price": "1.42132508",
      "last_trade": "1.4166",
      "high": "1.4302",
      "low": "1.3157",
      "avg": "1.376487",
      "vol": "38652.31532261",
      "vol_curr": "54754.86988601",
      "updated": 1754743971
    },
    "WAVES_BTC": {
      "buy_price": "0.00001035",
      "sell_price": "0.00001051",
      "last_trade": "0.00001043",
      "high": "0.00001059",
      "low": "0.00000921",
      "avg": "0.00001039",
      "vol": "91502.51770474",
      "vol_curr": "0.95437125",
      "updated": 1754743971
    },
    "WAVES_ETH": {
      "buy_price": "0.00029",
      "sell_price": "0.00032063",
      "last_trade": "0.00030505",
      "high": "0.00031348",
      "low": "0.00029151",
      "avg": "0.00030622",
      "vol": "85931.80525177",
      "vol_curr": "26.21349719",
      "updated": 1754743957
    },
    "WAVES_USDT": {
      "buy_price": "1.18760289",
      "sell_price": "1.25979946",
      "last_trade": "1.22",
      "high": "1.25",
      "low": "1.18760838",
      "avg": "1.20884635",
      "vol": "78316.07523495",
      "vol_curr": "95545.61178665",
      "updated": 1754743972
    },
    "WCT_USDC": {
      "buy_price": "0.33811006",
      "sell_price": "0.33983679",
      "last_trade": "0.3391",
      "high": "0.3493",
      "low": "0.3093",
      "avg": "0.32457923",
      "vol": "43255.26841639",
      "vol_curr": "14667.86152",
      "updated": 1754743970
    },
    "WCT_USDT": {
      "buy_price": "0.3383855",
      "sell_price": "0.33977297",
      "last_trade": "0.3384",
      "high": "0.3574",
      "low": "0.3093",
      "avg": "0.32467867",
      "vol": "57790.99739952",
      "vol_curr": "19556.47352",
      "updated": 1754743972
    },
    "WIF_USDC": {
      "buy_price": "1.023",
      "sell_price": "1.02650045",
      "last_trade": "1.0211",
      "high": "1.1676",
      "low": "0.81",
      "avg": "0.98457586",
      "vol": "26717.27297459",
      "vol_curr": "27281.00743435",
      "updated": 1754743956
    },
    "WIF_USDT": {
      "buy_price": "1.023",
      "sell_price": "1.02386456",
      "last_trade": "1.0229",
      "high": "1.024",
      "low": "0.935",
      "avg": "0.98216871",
      "vol": "116876.42678527",
      "vol_curr": "119447.70817454",
      "updated": 1754743961
    },
    "WIN10K_BTC": {
      "buy_price": "0.000001",
      "sell_price": "0.01",
      "last_trade": "0.0000158",
      "high": "0.0000158",
      "low": "0.0000158",
      "avg": "0.0000158",
      "vol": "20",
      "vol_curr": "0.000316",
      "updated": 1733736252
    },
    "WIN10K_USDC": {
      "buy_price": "0.61870685",
      "sell_price": "0.62342504",
      "last_trade": "0.621066",
      "high": "0.623345",
      "low": "0.594976",
      "avg": "0.61056334",
      "vol": "43420.51562523",
      "vol_curr": "26967.0059573",
      "updated": 1754743959
    },
    "WIN10K_USDT": {
      "buy_price": "0.61882159",
      "sell_price": "0.62243353",
      "last_trade": "0.62063",
      "high": "0.62387",
      "low": "0.59525",
      "avg": "0.61061739",
      "vol": "208598.87309696",
      "vol_curr": "129462.71861016",
      "updated": 1754743958
    },
    "XAUT_USDT": {
      "buy_price": "3381.0348",
      "sell_price": "3394.7389",
      "last_trade": "3387.8931",
      "high": "3397.4171",
      "low": "3371.3204",
      "avg": "3387.46596984",
      "vol": "26.45201921",
      "vol_curr": "89616.61337743",
      "updated": 1754743945
    },
    "XLM_BTC": {
      "buy_price": "0.00000387",
      "sell_price": "0.00000391",
      "last_trade": "0.00000387",
      "high": "0.00000398",
      "low": "0.00000379",
      "avg": "0.00000387",
      "vol": "183982.22461623",
      "vol_curr": "0.71569085",
      "updated": 1754743968
    },
    "XLM_USDC": {
      "buy_price": "0.4557",
      "sell_price": "0.4565532",
      "last_trade": "0.456127",
      "high": "0.463691",
      "low": "0.440316",
      "avg": "0.4523006",
      "vol": "130580.70608412",
      "vol_curr": "59474.41897378",
      "updated": 1754743971
    },
    "XLM_USDT": {
      "buy_price": "0.45510118",
      "sell_price": "0.4557",
      "last_trade": "0.45524833",
      "high": "0.4666036",
      "low": "0.44002752",
      "avg": "0.45168093",
      "vol": "224112.99113014",
      "vol_curr": "102027.0649433",
      "updated": 1754743970
    },
    "XRP_BTC": {
      "buy_price": "0.00002832",
      "sell_price": "0.00002843",
      "last_trade": "0.00002837",
      "high": "0.00002875",
      "low": "0.00002759",
      "avg": "0.00002823",
      "vol": "73105.71452632",
      "vol_curr": "2.07400912",
      "updated": 1754743964
    },
    "XRP_ETH": {
      "buy_price": "0.00079078",
      "sell_price": "0.00079347",
      "last_trade": "0.000792",
      "high": "0.000853",
      "low": "0.000788",
      "avg": "0.00081019",
      "vol": "65288.84764108",
      "vol_curr": "51.64347848",
      "updated": 1754743972
    },
    "XRP_EUR": {
      "buy_price": "2.82823969",
      "sell_price": "2.87201743",
      "last_trade": "2.848613",
      "high": "2.877599",
      "low": "2.744828",
      "avg": "2.82505799",
      "vol": "43797.64930767",
      "vol_curr": "124762.55318728",
      "updated": 1754743962
    },
    "XRP_GBP": {
      "buy_price": "2.45295163",
      "sell_price": "2.56361765",
      "last_trade": "2.50887026",
      "high": "2.5761955",
      "low": "2.42261093",
      "avg": "2.49073565",
      "vol": "10957.19148043",
      "vol_curr": "27490.17183838",
      "updated": 1754743971
    },
    "XRP_UAH": {
      "buy_price": "134.854787",
      "sell_price": "139.030495",
      "last_trade": "136.805859",
      "high": "139.030494",
      "low": "133.12381",
      "avg": "135.86828156",
      "vol": "34653.06935335",
      "vol_curr": "4740742.9198725",
      "updated": 1754743967
    },
    "XRP_USD": {
      "buy_price": "3.33",
      "sell_price": "3.38999999",
      "last_trade": "3.36",
      "high": "3.3675",
      "low": "3.2",
      "avg": "3.2825298",
      "vol": "48509.96576444",
      "vol_curr": "162993.48496854",
      "updated": 1754743969
    },
    "XRP_USDC": {
      "buy_price": "3.32255132",
      "sell_price": "3.32646",
      "last_trade": "3.327335",
      "high": "3.365892",
      "low": "3.207606",
      "avg": "3.29931909",
      "vol": "64210.11958694",
      "vol_curr": "213175.54230481",
      "updated": 1754743967
    },
    "XRP_USDT": {
      "buy_price": "3.32250558",
      "sell_price": "3.32649999",
      "last_trade": "3.32449971",
      "high": "3.36574991",
      "low": "3.20720557",
      "avg": "3.29812584",
      "vol": "423118.21764206",
      "vol_curr": "1406133.69698776",
      "updated": 1754743970
    },
    "XTZ_USD": {
      "buy_price": "0.837439",
      "sell_price": "0.980927",
      "last_trade": "0.915238",
      "high": "0.930409",
      "low": "0.802192",
      "avg": "0.82026199",
      "vol": "10699.90458215",
      "vol_curr": "9792.95926996",
      "updated": 1754743971
    },
    "XTZ_USDC": {
      "buy_price": "0.94984818",
      "sell_price": "0.96467608",
      "last_trade": "0.9562",
      "high": "0.9896",
      "low": "0.8429",
      "avg": "0.87046123",
      "vol": "132470.08471423",
      "vol_curr": "126667.89500375",
      "updated": 1754743972
    },
    "XTZ_USDT": {
      "buy_price": "0.94967205",
      "sell_price": "0.95218987",
      "last_trade": "0.9474",
      "high": "0.9872",
      "low": "0.7967",
      "avg": "0.84753687",
      "vol": "148692.50658848",
      "vol_curr": "140871.28074192",
      "updated": 1754743972
    },
    "YFI_BTC": {
      "buy_price": "0.04902677",
      "sell_price": "0.04945428",
      "last_trade": "0.04935352",
      "high": "0.05043401",
      "low": "0.04669116",
      "avg": "0.04859981",
      "vol": "7.49187431",
      "vol_curr": "0.36975036",
      "updated": 1754743970
    },
    "YFI_USDT": {
      "buy_price": "5758",
      "sell_price": "5761.62",
      "last_trade": "5759.33",
      "high": "5778.42",
      "low": "5500.39",
      "avg": "5636.78633431",
      "vol": "1.49338269",
      "vol_curr": "8600.88376543",
      "updated": 1754743968
    },
    "ZEC_BTC": {
      "buy_price": "0.0003342",
      "sell_price": "0.00033808",
      "last_trade": "0.00033684",
      "high": "0.00033739",
      "low": "0.00031671",
      "avg": "0.00033154",
      "vol": "4346.02750975",
      "vol_curr": "1.4639159",
      "updated": 1754743970
    },
    "ZEC_USDT": {
      "buy_price": "39.54448052",
      "sell_price": "39.83255957",
      "last_trade": "39.67",
      "high": "39.8",
      "low": "37.79",
      "avg": "38.90654794",
      "vol": "1886.77617001",
      "vol_curr": "74848.41066457",
      "updated": 1754743959
    },
    "ZK_USDT": {
      "buy_price": "0.0594",
      "sell_price": "0.05961053",
      "last_trade": "0.05943",
      "high": "0.05967",
      "low": "0.05473",
      "avg": "0.05733193",
      "vol": "464319.55990548",
      "vol_curr": "27594.51144518",
      "updated": 1754743972
    },
    "ZRO_USDT": {
      "buy_price": "1.94047773",
      "sell_price": "1.95200427",
      "last_trade": "1.942",
      "high": "1.949",
      "low": "1.811",
      "avg": "1.88313813",
      "vol": "38388.02291461",
      "vol_curr": "74549.54050018",
      "updated": 1754743972
    },
    "ZRX_BTC": {
      "buy_price": "0.00000218",
      "sell_price": "0.0000024",
      "last_trade": "0.00000229",
      "high": "0.00000232",
      "low": "0.0000021",
      "avg": "0.00000218",
      "vol": "364452.55641511",
      "vol_curr": "0.83459635",
      "updated": 1754743957
    },
    "ZRX_ETH": {
      "buy_price": "0.00006004",
      "sell_price": "0.00007519",
      "last_trade": "0.00006776",
      "high": "0.00007009",
      "low": "0.00006189",
      "avg": "0.00006903",
      "vol": "23393.72063164",
      "vol_curr": "1.58515851",
      "updated": 1754743970
    },
    "ZRX_USD": {
      "buy_price": "0.25200008",
      "sell_price": "0.27624326",
      "last_trade": "0.26475282",
      "high": "0.26497284",
      "low": "0.24266129",
      "avg": "0.25296437",
      "vol": "409830.72309042",
      "vol_curr": "108503.83966083",
      "updated": 1754743972
    }
  }
}