{
  "pair": "DOGE_EUR",
  "user_trades": [
    {
      "trade_id": 937077590,
      "date": 1753985071,
      "type": "buy",
      "pair": "DOGE_EUR",
      "quantity": "5",
      "price": "0.18997678",
      "amount": "0.9498839",
      "order_id": 48141053390,
      "client_id": 0,
      "exec_type": "maker",
      "commission_amount": "0.015",
      "commission_currency": "DOGE",
      "commission_percent": "0.3"
    },
    {
      "trade_id": 937055740,
      "date": 1753984144,
      "type": "buy",
      "pair": "DOGE_EUR",
      "quantity": "5",
      "price": "0.19119484",
      "amount": "0.9559742",
      "order_id": 48140872964,
      "client_id": 0,
      "exec_type": "maker",
      "commission_amount": "0.015",
      "commission_currency": "DOGE",
      "commission_percent": "0.3"
    },
    {
      "trade_id": 935394472,
      "date": 1753902564,
      "type": "buy",
      "pair": "DOGE_EUR",
      "quantity": "5",
      "price": "0.1840265",
      "amount": "0.9201325",
      "order_id": 48123261208,
      "client_id": 7532954152750546966,
      "exec_type": "taker",
      "commission_amount": "0.015",
      "commission_currency": "DOGE",
      "commission_percent": "0.3"
    },
    {
      "trade_id": 934552664,
      "date": 1753863367,
      "type": "buy",
      "pair": "DOGE_EUR",
      "quantity": "5",
      "price": "0.19260844",
      "amount": "0.9630422",
      "order_id": 48110878263,
      "client_id": 0,
      "exec_type": "maker",
      "commission_amount": "0.015",
      "commission_currency": "DOGE",
      "commission_percent": "0.3"
    },
    {
      "trade_id": 934354990,
      "date": 1753852475,
      "type": "buy",
      "pair": "DOGE_EUR",
      "quantity": "5",
      "price": "0.19318672",
      "amount": "0.9659336",
      "order_id": 48110371774,
      "client_id": 0,
      "exec_type": "maker",
      "commission_amount": "0.015",
      "commission_currency": "DOGE",
      "commission_percent": "0.3"
    },
    {
      "trade_id": 934015778,
      "date": 1753834979,
      "type": "buy",
      "pair": "DOGE_EUR",
      "quantity": "5",
      "price": "0.1938306",
      "amount": "0.969153",
      "order_id": 48107233396,
      "client_id": 0,
      "exec_type": "taker",
      "commission_amount": "0.015",
      "commission_currency": "DOGE",
      "commission_percent": "0.3"
    },
    {
      "trade_id": 933556156,
      "date": 1753812286,
      "type": "buy",
      "pair": "DOGE_EUR",
      "quantity": "5",
      "price": "0.19421876",
      "amount": "0.9710938",
      "order_id": 48101706427,
      "client_id": 0,
      "exec_type": "maker",
      "commission_amount": "0.015",
      "commission_currency": "DOGE",
      "commission_percent": "0.3"
    },
    {
      "trade_id": 933440642,
      "date": 1753807300,
      "type": "sell",
      "pair": "DOGE_EUR",
      "quantity": "5.710921",
      "price": "0.18927621",
      "amount": "1.08094148",
      "order_id": 48100883388,
      "client_id": 0,
      "exec_type": "taker",
      "commission_amount": "0.00324282",
      "commission_currency": "EUR",
      "commission_percent": "0.3"
    },
    {
      "trade_id": 933435930,
      "date": 1753807099,
      "type": "buy",
      "pair": "DOGE_EUR",
      "quantity": "5",
      "price": "0.19066952",
      "amount": "0.9533476",
      "order_id": 48100700165,
      "client_id": 0,
      "exec_type": "maker",
      "commission_amount": "0.015",
      "commission_currency": "DOGE",
      "commission_percent": "0.3"
    },
    {
      "trade_id": 933407823,
      "date": 1753805909,
      "type": "buy",
      "pair": "DOGE_EUR",
      "quantity": "5.00489203",
      "price": "0.19278345",
      "amount": "0.96486035",
      "order_id": 48100163044,
      "client_id": 0,
      "exec_type": "maker",
      "commission_amount": "0.01501467",
      "commission_currency": "DOGE",
      "commission_percent": "0.3"
    },
    {
      "trade_id": 932802827,
      "date": 1753775476,
      "type": "sell",
      "pair": "DOGE_EUR",
      "quantity": "5",
      "price": "0.202516",
      "amount": "1.01258",
      "order_id": 48093049286,
      "client_id": 0,
      "exec_type": "maker",
      "commission_amount": "0.00303774",
      "commission_currency": "EUR",
      "commission_percent": "0.3"
    },
    {
      "trade_id": 932087184,
      "date": 1753738596,
      "type": "sell",
      "pair": "DOGE_EUR",
      "quantity": "2.57267225",
      "price": "0.19578188",
      "amount": "0.5036826",
      "order_id": 48084578565,
      "client_id": 0,
      "exec_type": "maker",
      "commission_amount": "0.00151104",
      "commission_currency": "EUR",
      "commission_percent": "0.3"
    },
    {
      "trade_id": 932081975,
      "date": 1753738296,
      "type": "sell",
      "pair": "DOGE_EUR",
      "quantity": "7.03283065",
      "price": "0.1962469",
      "amount": "1.38017121",
      "order_id": 48084578565,
      "client_id": 0,
      "exec_type": "taker",
      "commission_amount": "0.00414051",
      "commission_currency": "EUR",
      "commission_percent": "0.3"
    },
    {
      "trade_id": 931564016,
      "date": 1753714946,
      "type": "buy",
      "pair": "DOGE_EUR",
      "quantity": "5.26394309",
      "price": "0.20067808",
      "amount": "1.05635799",
      "order_id": 48078357314,
      "client_id": 0,
      "exec_type": "maker",
      "commission_amount": "0.01579182",
      "commission_currency": "DOGE",
      "commission_percent": "0.3"
    },
    {
      "trade_id": 931564016,
      "date": 1753714946,
      "type": "sell",
      "pair": "DOGE_EUR",
      "quantity": "5.26394309",
      "price": "0.20067808",
      "amount": "1.05635799",
      "order_id": 48078357338,
      "client_id": 0,
      "exec_type": "taker",
      "commission_amount": "0.00316907",
      "commission_currency": "EUR",
      "commission_percent": "0.3"
    },
    {
      "trade_id": 931557751,
      "date": 1753714676,
      "type": "buy",
      "pair": "DOGE_EUR",
      "quantity": "5.95891211",
      "price": "0.20098293",
      "amount": "1.19763961",
      "order_id": 48077742905,
      "client_id": 7532139869900898326,
      "exec_type": "maker",
      "commission_amount": "0.01787673",
      "commission_currency": "DOGE",
      "commission_percent": "0.3"
    },
    {
      "trade_id": 931557750,
      "date": 1753714676,
      "type": "buy",
      "pair": "DOGE_EUR",
      "quantity": "5.96133597",
      "price": "0.20113796",
      "amount": "1.19905095",
      "order_id": 48077768567,
      "client_id": 7532140157663707158,
      "exec_type": "maker",
      "commission_amount": "0.017884",
      "commission_currency": "DOGE",
      "commission_percent": "0.3"
    },
    {
      "trade_id": 931429852,
      "date": 1753709189,
      "type": "buy",
      "pair": "DOGE_EUR",
      "quantity": "5.82828248",
      "price": "0.20493919",
      "amount": "1.19444349",
      "order_id": 48076520844,
      "client_id": 7532123613449682966,
      "exec_type": "taker",
      "commission_amount": "0.01748484",
      "commission_currency": "DOGE",
      "commission_percent": "0.3"
    },
    {
      "trade_id": 930952241,
      "date": 1753663590,
      "type": "buy",
      "pair": "DOGE_EUR",
      "quantity": "7.05068307",
      "price": "0.20714131",
      "amount": "1.46048772",
      "order_id": 48067773792,
      "client_id": 0,
      "exec_type": "maker",
      "commission_amount": "0.02115204",
      "commission_currency": "DOGE",
      "commission_percent": "0.3"
    },
    {
      "trade_id": 930902056,
      "date": 1753638204,
      "type": "sell",
      "pair": "DOGE_EUR",
      "quantity": "11.19007684",
      "price": "0.2026737",
      "amount": "2.26793427",
      "order_id": 48063685687,
      "client_id": 0,
      "exec_type": "taker",
      "commission_amount": "0.0068038",
      "commission_currency": "EUR",
      "commission_percent": "0.3"
    },
    {
      "trade_id": 930900959,
      "date": 1753637741,
      "type": "buy",
      "pair": "DOGE_EUR",
      "quantity": "0.00219051",
      "price": "0.20401944",
      "amount": "0.0004469",
      "order_id": 48063597386,
      "client_id": 0,
      "exec_type": "maker",
      "commission_amount": "0.00000657",
      "commission_currency": "DOGE",
      "commission_percent": "0.3"
    },
    {
      "trade_id": 930900770,
      "date": 1753637645,
      "type": "buy",
      "pair": "DOGE_EUR",
      "quantity": "13.83296713",
      "price": "0.20401944",
      "amount": "2.8221942",
      "order_id": 48063597386,
      "client_id": 0,
      "exec_type": "maker",
      "commission_amount": "0.0414989",
      "commission_currency": "DOGE",
      "commission_percent": "0.3"
    },
    {
      "trade_id": 930658830,
      "date": 1753618137,
      "type": "sell",
      "pair": "DOGE_EUR",
      "quantity": "27.17723747",
      "price": "0.20014468",
      "amount": "5.43937949",
      "order_id": 48059913630,
      "client_id": 0,
      "exec_type": "taker",
      "commission_amount": "0.01631813",
      "commission_currency": "EUR",
      "commission_percent": "0.3"
    },
    {
      "trade_id": 910405930,
      "date": 1752442479,
      "type": "buy",
      "pair": "DOGE_EUR",
      "quantity": "24.53215668",
      "price": "0.17",
      "amount": "4.17046663",
      "order_id": 47777609062,
      "client_id": 7526623688783822870,
      "exec_type": "maker",
      "commission_amount": "0.07359647",
      "commission_currency": "DOGE",
      "commission_percent": "0.3"
    },
    {
      "trade_id": 634043983,
      "date": 1717412958,
      "type": "sell",
      "pair": "DOGE_EUR",
      "quantity": "6.71566081",
      "price": "0.14935239",
      "amount": "1.00299999",
      "order_id": 40544793874,
      "client_id": 0,
      "exec_type": "maker",
      "commission_amount": "0.00300899",
      "commission_currency": "EUR",
      "commission_percent": "0.3"
    },
    {
      "trade_id": 633632932,
      "date": 1717351410,
      "type": "buy",
      "pair": "DOGE_EUR",
      "quantity": "6.73586841",
      "price": "0.14845896",
      "amount": "1.00000001",
      "order_id": 40534705056,
      "client_id": 0,
      "exec_type": "maker",
      "commission_amount": "0.0202076",
      "commission_currency": "DOGE",
      "commission_percent": "0.3"
    }
  ]
}