{
  "pair": "DOGE_EUR",
  "pnl": {
    "pair": "DOGE_EUR",
    "trades_total": 26,
    "buys": 18,
    "sells": 8,
    "inventory_base": "49.50788937",
    "avg_cost": "0.19266956612149214100654020664275344321979471943027",
    "last_price": "0.20791408",
    "notional_quote": "10.2933872711053296",
    "realized_pnl_quote": "1.0327030039142033",
    "unrealized_pnl_quote": "0.2489905279553597",
    "total_pnl_quote": "1.2816935318695630",
    "fees_quote_converted": "0.1161879617880512",
    "base_fees_total": "0.36051364"
  },
  "pnl_ledger": [
    {
      "ts": 1717351410,
      "type": "buy",
      "qty": "6.73586841",
      "price": "0.14845896",
      "amount_quote": "1.00000001",
      "realized_step": "0",
      "inventory_base": "6.73586841",
      "avg_cost_before": null,
      "avg_cost_after": "0.14845896",
      "realized_cum": "0"
    },
    {
      "ts": 1717412958,
      "type": "sell",
      "qty": "6.71566081",
      "price": "0.14935239",
      "amount_quote": "1.00299999",
      "realized_step": "0.0059999728374783",
      "inventory_base": "0.02020760",
      "avg_cost_before": "0.14845896",
      "avg_cost_after": "0.14845896",
      "realized_cum": "0.0059999728374783"
    },
    {
      "ts": 1752442479,
      "type": "buy",
      "qty": "24.53215668",
      "price": "0.17",
      "amount_quote": "4.17046663",
      "realized_step": "0",
      "inventory_base": "24.55236428",
      "avg_cost_before": "0.14845896",
      "avg_cost_after": "0.16998227084304632189173433036079081830892417827877",
      "realized_cum": "0.0059999728374783"
    },
    {
      "ts": 1753618137,
      "type": "sell",
      "qty": "27.17723747",
      "price": "0.20014468",
      "amount_quote": "5.43937949",
      "realized_step": "1.2659128618370636",
      "inventory_base": "-2.62487319",
      "avg_cost_before": "0.16998227084304632189173433036079081830892417827877",
      "avg_cost_after": null,
      "realized_cum": "1.2719128346745419"
    },
    {
      "ts": 1753637645,
      "type": "buy",
      "qty": "13.83296713",
      "price": "0.20401944",
      "amount_quote": "2.8221942",
      "realized_step": "0",
      "inventory_base": "11.20809394",
      "avg_cost_before": null,
      "avg_cost_after": "0.20401944",
      "realized_cum": "1.2719128346745419"
    },
    {
      "ts": 1753637741,
      "type": "buy",
      "qty": "0.00219051",
      "price": "0.20401944",
      "amount_quote": "0.0004469",
      "realized_step": "0",
      "inventory_base": "11.21028445",
      "avg_cost_before": "0.20401944",
      "avg_cost_after": "0.20401944",
      "realized_cum": "1.2719128346745419"
    },
    {
      "ts": 1753638204,
      "type": "sell",
      "qty": "11.19007684",
      "price": "0.2026737",
      "amount_quote": "2.26793427",
      "realized_step": "-0.0150589340066616",
      "inventory_base": "0.02020761",
      "avg_cost_before": "0.20401944",
      "avg_cost_after": "0.20401944",
      "realized_cum": "1.2568539006678803"
    },
    {
      "ts": 1753663590,
      "type": "buy",
      "qty": "7.05068307",
      "price": "0.20714131",
      "amount_quote": "1.46048772",
      "realized_step": "0",
      "inventory_base": "7.07089068",
      "avg_cost_before": "0.20401944",
      "avg_cost_after": "0.20628963925927103874488230497717350041033951046500",
      "realized_cum": "1.2568539006678803"
    },
    {
      "ts": 1753709189,
      "type": "buy",
      "qty": "5.82828248",
      "price": "0.20493919",
      "amount_quote": "1.19444349",
      "realized_step": "0",
      "inventory_base": "12.89917316",
      "avg_cost_before": "0.20628963925927103874488230497717350041033951046500",
      "avg_cost_after": "0.20578263228567111950164977444814186605414251420346",
      "realized_cum": "1.2568539006678803"
    },
    {
      "ts": 1753714676,
      "type": "buy",
      "qty": "5.96133597",
      "price": "0.20113796",
      "amount_quote": "1.19905095",
      "realized_step": "0",
      "inventory_base": "18.86050913",
      "avg_cost_before": "0.20578263228567111950164977444814186605414251420346",
      "avg_cost_after": "0.20449392112600703770022557364480726633865177596709",
      "realized_cum": "1.2568539006678803"
    },
    {
      "ts": 1753714676,
      "type": "buy",
      "qty": "5.95891211",
      "price": "0.20098293",
      "amount_quote": "1.19763961",
      "realized_step": "0",
      "inventory_base": "24.81942124",
      "avg_cost_before": "0.20449392112600703770022557364480726633865177596709",
      "avg_cost_after": "0.20373158826326104241551091681681830725061201728260",
      "realized_cum": "1.2568539006678803"
    },
    {
      "ts": 1753714946,
      "type": "buy",
      "qty": "5.26394309",
      "price": "0.20067808",
      "amount_quote": "1.05635799",
      "realized_step": "0",
      "inventory_base": "30.08336433",
      "avg_cost_before": "0.20373158826326104241551091681681830725061201728260",
      "avg_cost_after": "0.20324016790736988631235792738000148899493499825851",
      "realized_cum": "1.2568539006678803"
    },
    {
      "ts": 1753714946,
      "type": "sell",
      "qty": "5.26394309",
      "price": "0.20067808",
      "amount_quote": "1.05635799",
      "realized_step": "-0.0257644765004847",
      "inventory_base": "24.81942124",
      "avg_cost_before": "0.20324016790736988631235792738000148899493499825851",
      "avg_cost_after": "0.20279279653858398355624987368276095265605267010685",
      "realized_cum": "1.2310894241673956"
    },
    {
      "ts": 1753738296,
      "type": "sell",
      "qty": "7.03283065",
      "price": "0.1962469",
      "amount_quote": "1.38017121",
      "realized_step": "-0.0708908047067421",
      "inventory_base": "17.78659059",
      "avg_cost_before": "0.20279279653858398355624987368276095265605267010685",
      "avg_cost_after": "0.20157511694605944620792894452570221301394583274713",
      "realized_cum": "1.1601986194606535"
    },
    {
      "ts": 1753738596,
      "type": "sell",
      "qty": "2.57267225",
      "price": "0.19578188",
      "amount_quote": "0.5036826",
      "realized_step": "-0.0235587573216475",
      "inventory_base": "15.21391834",
      "avg_cost_before": "0.20157511694605944620792894452570221301394583274713",
      "avg_cost_after": "0.20108995754620375341086796141285474173597229094363",
      "realized_cum": "1.1366398621390060"
    },
    {
      "ts": 1753775476,
      "type": "sell",
      "qty": "5",
      "price": "0.202516",
      "amount_quote": "1.01258",
      "realized_step": "0.0044019134735572",
      "inventory_base": "10.21391834",
      "avg_cost_before": "0.20108995754620375341086796141285474173597229094363",
      "avg_cost_after": "0.20087745321594425016728969350279652060056465454580",
      "realized_cum": "1.1410417756125632"
    },
    {
      "ts": 1753805909,
      "type": "buy",
      "qty": "5.00489203",
      "price": "0.19278345",
      "amount_quote": "0.96486035",
      "realized_step": "0",
      "inventory_base": "15.21881037",
      "avg_cost_before": "0.20087745321594425016728969350279652060056465454580",
      "avg_cost_after": "0.19860720379966992644875170606309496781952571232439",
      "realized_cum": "1.1410417756125632"
    },
    {
      "ts": 1753807099,
      "type": "buy",
      "qty": "5",
      "price": "0.19066952",
      "amount_quote": "0.9533476",
      "realized_step": "0",
      "inventory_base": "20.21881037",
      "avg_cost_before": "0.19860720379966992644875170606309496781952571232439",
      "avg_cost_after": "0.19686981241556560066444905700663627998531074031390",
      "realized_cum": "1.1410417756125632"
    },
    {
      "ts": 1753807300,
      "type": "sell",
      "qty": "5.710921",
      "price": "0.18927621",
      "amount_quote": "1.08094148",
      "realized_step": "-0.0671066716983599",
      "inventory_base": "14.50788937",
      "avg_cost_before": "0.19686981241556560066444905700663627998531074031390",
      "avg_cost_after": "0.19548415098971463829123421879722822703964444599179",
      "realized_cum": "1.0739351039142033"
    },
    {
      "ts": 1753812286,
      "type": "buy",
      "qty": "5",
      "price": "0.19421876",
      "amount_quote": "0.9710938",
      "realized_step": "0",
      "inventory_base": "19.50788937",
      "avg_cost_before": "0.19548415098971463829123421879722822703964444599179",
      "avg_cost_after": "0.19519828721959460175042875443019255884521629278257",
      "realized_cum": "1.0739351039142033"
    },
    {
      "ts": 1753834979,
      "type": "buy",
      "qty": "5",
      "price": "0.1938306",
      "amount_quote": "0.969153",
      "realized_step": "0",
      "inventory_base": "24.50788937",
      "avg_cost_before": "0.19519828721959460175042875443019255884521629278257",
      "avg_cost_after": "0.19494625110337345243771594778589327691370915089009",
      "realized_cum": "1.0739351039142033"
    },
    {
      "ts": 1753852475,
      "type": "buy",
      "qty": "5",
      "price": "0.19318672",
      "amount_quote": "0.9659336",
      "realized_step": "0",
      "inventory_base": "29.50788937",
      "avg_cost_before": "0.19494625110337345243771594778589327691370915089009",
      "avg_cost_after": "0.19467246028005286763616504935827092483890062392444",
      "realized_cum": "1.0739351039142033"
    },
    {
      "ts": 1753863367,
      "type": "buy",
      "qty": "5",
      "price": "0.19260844",
      "amount_quote": "0.9630422",
      "realized_step": "0",
      "inventory_base": "34.50788937",
      "avg_cost_before": "0.19467246028005286763616504935827092483890062392444",
      "avg_cost_after": "0.19439453586267107781813258119193381123970971256495",
      "realized_cum": "1.0739351039142033"
    },
    {
      "ts": 1753902564,
      "type": "buy",
      "qty": "5",
      "price": "0.1840265",
      "amount_quote": "0.9201325",
      "realized_step": "0",
      "inventory_base": "39.50788937",
      "avg_cost_before": "0.19439453586267107781813258119193381123970971256495",
      "avg_cost_after": "0.19316413519194526559902840607848335687200663824689",
      "realized_cum": "1.0739351039142033"
    },
    {
      "ts": 1753984144,
      "type": "buy",
      "qty": "5",
      "price": "0.19119484",
      "amount_quote": "0.9559742",
      "realized_step": "0",
      "inventory_base": "44.50788937",
      "avg_cost_before": "0.19316413519194526559902840607848335687200663824689",
      "avg_cost_after": "0.19295522581712999213598397657767166533766613148847",
      "realized_cum": "1.0739351039142033"
    },
    {
      "ts": 1753985071,
      "type": "buy",
      "qty": "5",
      "price": "0.18997678",
      "amount_quote": "0.9498839",
      "realized_step": "0",
      "inventory_base": "49.50788937",
      "avg_cost_before": "0.19295522581712999213598397657767166533766613148847",
      "avg_cost_after": "0.19266956612149214100654020664275344321979471943027",
      "realized_cum": "1.0739351039142033"
    }
  ],
  "pnl_equity": [
    {
      "ts": 1717351410,
      "inventory_base": "6.73586841",
      "last_price": "0.20791408",
      "equity_quote": "0.4004818646207592",
      "realized": "0"
    },
    {
      "ts": 1717412958,
      "inventory_base": "0.02020760",
      "last_price": "0.20791408",
      "equity_quote": "0.0072014181203903",
      "realized": "0.0059999728374783"
    },
    {
      "ts": 1752442479,
      "inventory_base": "24.55236428",
      "last_price": "0.20791408",
      "equity_quote": "0.9373155690584447",
      "realized": "0.0059999728374783"
    },
    {
      "ts": 1753618137,
      "inventory_base": "-2.62487319",
      "last_price": "0.20791408",
      "equity_quote": "0.7261647402590267",
      "realized": "1.2719128346745419"
    },
    {
      "ts": 1753637645,
      "inventory_base": "11.20809394",
      "last_price": "0.20791408",
      "equity_quote": "0.7800391673622099",
      "realized": "1.2719128346745419"
    },
    {
      "ts": 1753637741,
      "inventory_base": "11.21028445",
      "last_price": "0.20791408",
      "equity_quote": "0.7800476986100763",
      "realized": "1.2719128346745419"
    },
    {
      "ts": 1753638204,
      "inventory_base": "0.02020761",
      "last_price": "0.20791408",
      "equity_quote": "0.7214074437392771",
      "realized": "1.2568539006678803"
    },
    {
      "ts": 1753663590,
      "inventory_base": "7.07089068",
      "last_price": "0.20791408",
      "equity_quote": "0.7268560000952810",
      "realized": "1.2568539006678803"
    },
    {
      "ts": 1753709189,
      "inventory_base": "12.89917316",
      "last_price": "0.20791408",
      "equity_quote": "0.7441944993622082",
      "realized": "1.2568539006678803"
    },
    {
      "ts": 1753714676,
      "inventory_base": "18.86050913",
      "last_price": "0.20791408",
      "equity_quote": "0.7845892272552446",
      "realized": "1.2568539006678803"
    },
    {
      "ts": 1753714676,
      "inventory_base": "24.81942124",
      "last_price": "0.20791408",
      "equity_quote": "0.8258913409264711",
      "realized": "1.2568539006678803"
    },
    {
      "ts": 1753714946,
      "inventory_base": "30.08336433",
      "last_price": "0.20791408",
      "equity_quote": "0.8639812331257111",
      "realized": "1.2568539006678803"
    },
    {
      "ts": 1753714946,
      "inventory_base": "24.81942124",
      "last_price": "0.20791408",
      "equity_quote": "0.8258913409264711",
      "realized": "1.2310894241673956"
    },
    {
      "ts": 1753738296,
      "inventory_base": "17.78659059",
      "last_price": "0.20791408",
      "equity_quote": "0.7438380398234041",
      "realized": "1.1601986194606535"
    },
    {
      "ts": 1753738596,
      "inventory_base": "15.21391834",
      "last_price": "0.20791408",
      "equity_quote": "0.7126258655519541",
      "realized": "1.1366398621390060"
    },
    {
      "ts": 1753775476,
      "inventory_base": "10.21391834",
      "last_price": "0.20791408",
      "equity_quote": "0.6856354655519541",
      "realized": "1.1410417756125632"
    },
    {
      "ts": 1753805909,
      "inventory_base": "15.21881037",
      "last_price": "0.20791408",
      "equity_quote": "0.7613626350478330",
      "realized": "1.1410417756125632"
    },
    {
      "ts": 1753807099,
      "inventory_base": "20.21881037",
      "last_price": "0.20791408",
      "equity_quote": "0.8475854350478330",
      "realized": "1.1410417756125632"
    },
    {
      "ts": 1753807300,
      "inventory_base": "14.50788937",
      "last_price": "0.20791408",
      "equity_quote": "0.7411460318695630",
      "realized": "1.0739351039142033"
    },
    {
      "ts": 1753812286,
      "inventory_base": "19.50788937",
      "last_price": "0.20791408",
      "equity_quote": "0.8096226318695630",
      "realized": "1.0739351039142033"
    },
    {
      "ts": 1753834979,
      "inventory_base": "24.50788937",
      "last_price": "0.20791408",
      "equity_quote": "0.8800400318695630",
      "realized": "1.0739351039142033"
    },
    {
      "ts": 1753852475,
      "inventory_base": "29.50788937",
      "last_price": "0.20791408",
      "equity_quote": "0.9536768318695630",
      "realized": "1.0739351039142033"
    },
    {
      "ts": 1753863367,
      "inventory_base": "34.50788937",
      "last_price": "0.20791408",
      "equity_quote": "1.0302050318695630",
      "realized": "1.0739351039142033"
    },
    {
      "ts": 1753902564,
      "inventory_base": "39.50788937",
      "last_price": "0.20791408",
      "equity_quote": "1.1496429318695630",
      "realized": "1.0739351039142033"
    },
    {
      "ts": 1753984144,
      "inventory_base": "44.50788937",
      "last_price": "0.20791408",
      "equity_quote": "1.2332391318695630",
      "realized": "1.0739351039142033"
    },
    {
      "ts": 1753985071,
      "inventory_base": "49.50788937",
      "last_price": "0.20791408",
      "equity_quote": "1.3229256318695630",
      "realized": "1.0739351039142033"
    }
  ]
}